origins,destinations,path,free_flow_time
0,0,-42762428#0 -697042776#1 623959719 619185406 619184994 1164659927#1 1164659926 120512822 -133906979 -133906980 -282479126 -100468681#8 -100468681#7 100525438#0 -101601553#1 -101601553#0 101600741#4 -100468681#2,1.9721714315675873
0,0,-42762428#0 697042776#2 42762428#1 42762428#4 1197063689 282479127#0 101611060 372606529#8 1164659929 120512822 -133906979 -133906980 -282479126 -100468681#8 -100468681#7 100525438#0 -101601553#1 -101601553#0 101600741#4 -100468681#2,2.260286677666026
0,0,-42762428#0 -697042776#1 623959719 619185406 619184994 1164659927#1 1164659926 120512822 -133906979 -133906980 -282479126 -100468681#8 -100468681#7 -100468681#6 -100468681#5 -100468681#4 -100468681#3 -100468681#2,1.485518843966672
0,35,-42762428#0 -697042776#1 623959719 -282689984#1 -282689984#0 -134065887 100475363 282479151#1 100475362 -659278038#3 -659278038#2 -659278038#1 -659278038#0 659278036#0 -416412034 659278036#2 659278036#3 -100468675#3 101599083#0 101599083#1 101599079#3 101599076#0 101599076#1 -101599076#1 -101599076#0,2.1604393953405694
0,35,-42762428#0 -697042776#1 623959719 -282689984#1 -282689984#0 -134065887 100475363 282479151#1 100475362 -659278038#3 -659278038#2 -659278038#1 -659278038#0 659278036#0 659278036#1 659278036#2 659278036#3 -100468675#3 101599083#0 101599083#1 101599079#3 101599076#0 101599076#1 -101599076#1 -101599076#0,1.9175222284738225
0,35,-42762428#0 -697042776#1 623959719 -282689984#1 -282689984#0 -134065887 100475363 282479151#1 100475362 -659278038#3 -659278038#2 -659278038#1 -659278038#0 659278036#0 -416412034 416412034 659278036#1 659278036#2 659278036#3 -100468675#3 101599083#0 101599083#1 101599079#3 101599076#0 101599076#1 -101599076#1 -101599076#0,2.6002153057047157
1,1,-1323419247 1323419246 -416373452 101418587 464265154,0.5096039711781041
1,1,-1323419247 -120511142#2 120511142#2 1323419246 -100525445 100525445 -416373452 101418587 464265154,0.9370549515702608
1,1,-1323419247 1323419247 868087112 526439431#0 526439431#1 42762429 1323419246 -416373452 101418587 464265154,1.15532225849303
1,62,-1323419247 -120511142#2 75421017 619185406 619184994 1164659927#1 1164659926 120512822 282479125#0 282479125#1,1.5109043617446978
1,62,-1323419247 -120511142#2 75421017 619185406 619184994 1164659927#1 1164659928 1164659929 120512822 282479125#0 282479125#1,1.5222288915566224
1,62,-1323419247 -120511142#2 -120511142#1 120511142#1 75421017 -282689984#1 282689984#1 619185406 619184994 1164659927#1 1164659926 120512822 282479125#0 282479125#1,1.5908494571334653
2,2,71324347#2 71324347#3 71324347#4 71324347#5 47374666 659281081#0 659281081#1 100525445 -416373452 416373452,1.3160584901227974
2,2,71324347#2 71324347#3 71324347#4 71324347#5 -47374665#1 47374665#0 47374666 659281081#0 659281081#1 100525445 -416373452 416373452,3.0472335500748353
2,2,71324347#2 71324347#3 71324347#4 71324347#5 47374666 -42762427 42762427 659281081#0 659281081#1 100525445 -416373452 416373452,1.4227811791984277
3,3,-100525445 100525445 -416373452 -101418584#4 -101418584#3 -101418584#2 -101418592 -100488715#3 101605951#0 101605951#1 -101606546 101606547#1,1.1885443738330466
3,3,-100525445 100525445 184568063 76867740 1323419243 -162276533#2 100488715#0 100488715#1 100488715#2 101605951#0 101605951#1 -101606546 101606547#1,2.4360866736903546
3,3,-100525445 100525445 -416373452 101418587 -101418587 -101418584#4 -101418584#3 -101418584#2 -101418592 -100488715#3 101605951#0 101605951#1 -101606546 101606547#1,1.233972739563788
4,4,-282689981#0 101411570 282689981#1 352797377 -352797377,1.331294043895456
4,4,-282689981#0 -679068326#3 679068326#3 101411570 282689981#1 352797377 -352797377,1.8893372611823709
4,4,-282689981#0 101411570 282689981#1 -120511301 120511301 352797377 -352797377,2.249561350818225
5,5,-101607967#0 101607962 -101607966#1 -101607966#0 101607969#1 -100468681#3 -100468681#2 -100468681#1 -100468681#0,1.0731723358889993
5,5,-101607967#0 101607962 101607963 -659279347 101607969#0 101607969#1 -100468681#3 -100468681#2 -100468681#1 -100468681#0,1.1523395679366057
5,5,-101607967#0 101607962 -101607966#1 101607966#1 101607963 -659279347 101607969#0 101607969#1 -100468681#3 -100468681#2 -100468681#1 -100468681#0,1.3265896279318063
6,6,-101594809#0 -101594836#0 372606529#2 372606529#3 372606529#4 372606529#5 372606529#6 372606529#7 372606529#8 1164659929 120512822 282479125#0 282479125#1 120511930 -42762428#0 -697042776#1 42762429 1323419246 184568063 76867740 1323419243 120511145 283490977#1 -173532317#3 -173532317#2 -173532317#1 -101765339#6 -101765339#5 -101765339#4 -101765339#3 101786554#0 -101787493,4.6225652247940205
6,6,-101594809#0 -101594836#0 372606529#2 372606529#3 372606529#4 372606529#5 372606529#6 372606529#7 372606529#8 1164659929 120512822 282479125#0 282479125#1 120511930 -42762428#0 -697042776#1 42762429 1323419246 184568063 76867740 1323419243 120511145 283490977#1 -173532317#3 -101786553#2 -101786553#1 -101786553#0 -101786554#3 -101786554#2 -101786554#1 -101787493,4.56107047570648
6,6,-101594809#0 -101594836#0 372606529#2 372606529#3 372606529#4 372606529#5 372606529#6 372606529#7 372606529#8 1164659929 120512822 282479125#0 282479125#1 120511930 -42762428#0 -697042776#1 42762429 1323419246 184568063 1323419245 16648700 1323419243 -162276533#2 162276533#2 120511145 283490977#1 -173532317#3 -101786553#2 -101786553#1 -101786553#0 -101786554#3 -101786554#2 -101786554#1 -101787493,5.329269087044466
7,7,-659278038#3 659278038#3 100475365#0 100475365#1 282479151#3 282479151#4 100488713 -100488715#7 -100488715#6 -100488715#5 -100488715#4 -100488715#3 -100488715#2 -100488715#1 -100488715#0 162276533#2 120511145 283490977#1 -173532317#3 -173532317#2 -173532317#1 -173532317#0 47374679#0 101754278#0 101754278#1 -101752975#2 -101752975#1,3.6771475040700214
7,7,-659278038#3 659278038#3 100475365#0 100475365#1 282479151#3 282479151#4 100488713 -100488715#7 -101605219 -100488715#5 -100488715#4 -100488715#3 -100488715#2 -100488715#1 -100488715#0 162276533#2 120511145 283490977#1 -173532317#3 -173532317#2 -173532317#1 -173532317#0 47374679#0 101754278#0 101754278#1 -101752975#2 -101752975#1,3.782248983106561
7,7,-659278038#3 659278038#3 100475365#0 100475365#1 282479151#3 282479151#4 100488713 -100488715#7 -101605219 -100488715#5 -100488715#4 -100488715#3 -100488715#2 -100488715#1 -100488715#0 162276533#2 120511145 283490977#1 -173532317#3 -173532317#2 -173532317#1 -173532317#0 47374679#0 47374679#1 101754282#1 101754278#1 -101752975#2 -101752975#1,3.7846007949616123
7,34,-659278038#3 659278038#3 100475365#0 100475365#1 282479151#3 282479151#4 100488713 -100488715#7 -100488715#6 -100488715#5 -100488715#4 101418592 101418584#2 101418584#3 101418584#4 416373452 -100525445 526438862#0 526438862#1 526438862#2 101418589 -1200809291,1.7611915531889626
7,34,-659278038#3 659278038#3 100475365#0 100475365#1 282479151#3 282479151#4 100488713 -100488715#7 -101605219 -100488715#5 -100488715#4 101418592 101418584#2 101418584#3 101418584#4 416373452 -100525445 526438862#0 526438862#1 526438862#2 101418589 -1200809291,1.8662930322255016
7,34,-659278038#3 659278038#3 100475365#0 100475365#1 282479151#3 282479151#4 100488713 -100488715#7 -101605219 -100488715#5 120829754 -120829754 -100488715#4 101418592 101418584#2 101418584#3 101418584#4 416373452 -100525445 526438862#0 526438862#1 526438862#2 101418589 -1200809291,3.824386557405358
8,8,-101609498#5 -101609498#4 -101609498#3 101608828 -101607966#0 101607969#1 100468681#4 100468681#5 100468681#6 100468681#7 100468681#8 282479126 133906980 133906979 282479125#0 282479125#1 120511930 42762428#1 1164653913 463830226#0 463830226#1 101411570 282689981#1 -120511301 120509990 120509991 282689983#0 282689983#1,3.359883507038524
8,8,-101609498#5 -101609498#4 -101609498#3 101608828 -101607966#0 101607969#1 100468681#4 100468681#5 100468681#6 100468681#7 100468681#8 282479126 133906980 133906979 282479125#0 282479125#1 120511930 42762428#1 1164653913 463830226#0 -416376586 71223791#1 101411570 282689981#1 -120511301 120509990 120509991 282689983#0 282689983#1,3.812508257442645
8,8,-101609498#5 -101609498#4 -101609498#3 101608828 -101607966#0 101607969#1 100468681#4 100468681#5 100468681#6 100468681#7 100468681#8 282479126 133906980 133906979 282479125#0 282479125#1 120511930 42762428#1 42762428#4 71324344 463830226#0 463830226#1 101411570 282689981#1 -120511301 120509990 120509991 282689983#0 282689983#1,3.368442740667181
9,9,-120511302 120511302 71324347#1 71324347#2 71324347#3 101418583 526438862#2 1200809292 868087112 526439431#0 526439431#1 623959719 619185406 619184994 1164659927#1 1164659928 -372606529#8 -372606529#7 -372606529#6 -372606529#5 -372606529#4,2.451390880093044
9,9,-120511302 120511302 71324347#1 71324347#2 71324347#3 101418583 526438862#2 1200809292 868087112 526439431#0 526439431#1 697042776#0 697042776#2 42762428#1 42762428#4 1197063689 282479127#0 101611060 -372606529#7 -372606529#6 -372606529#5 -372606529#4,2.4356445815736363
9,9,-120511302 120511302 71324347#1 71324347#2 71324347#3 101418583 526438862#2 1200809292 868087112 526439431#0 526439431#1 623959719 619185406 619184994 -619184994 120511930 42762428#1 42762428#4 1197063689 282479127#0 101611060 -372606529#7 -372606529#6 -372606529#5 -372606529#4,3.387785437916173
10,10,101416508#0 -101416509 -71324343#2 -71324343#1 -416375814 679068326#3 101411570 282689981#1 -120511301 120509990 71324347#0 71324347#1 71324347#2 71324347#3 101418583,2.0035718089204906
10,10,101416508#0 101416508#1 -101416507 101415864#1 679068326#2 679068326#3 101411570 282689981#1 -120511301 120509990 71324347#0 71324347#1 71324347#2 71324347#3 101418583,1.9575896003423148
10,10,101416508#0 101416508#1 101416508#2 679068326#1 679068326#2 679068326#3 101411570 282689981#1 -120511301 120509990 71324347#0 71324347#1 71324347#2 71324347#3 101418583,1.9936320086663355
11,11,-47374680#7 -47374680#6 -47374680#5 -47374680#4 47374665#0 47374666 659281081#0 659281081#1 526438862#0 526438862#1 526438862#2,1.9464866522148427
11,11,-47374680#7 -47374680#6 -47374680#5 -47374680#4 -47374680#3 47374680#3 47374665#0 47374666 659281081#0 659281081#1 526438862#0 526438862#1 526438862#2,1.9916247074369315
11,11,-47374680#7 -47374680#6 47374680#6 47374680#7 47374680#8 -101411571#0 120509990 71324347#0 71324347#1 71324347#2 71324347#3 101418583 526438862#2,1.597953019821703
12,12,336863934 101594812#2 -101594836#1 -101594836#0 -372606529#1 -372606529#0 -101607965 101607964#1 101607969#0 101607969#1 -100468681#3 -101600741#4 101601553#0 101601553#1 100525438#1 100525438#2 659278038#0 659278038#1 659278038#2 659278038#3 100475365#0 100475365#1,2.7499707010233907
12,12,336863934 101594812#2 -101594836#1 -101594836#0 -372606529#1 -372606529#0 -101607965 101607964#1 101607969#0 101607969#1 100468681#4 100468681#5 100468681#6 100525438#0 100525438#1 100525438#2 659278038#0 659278038#1 659278038#2 659278038#3 100475365#0 100475365#1,2.5002126408518777
12,12,336863934 101594812#2 -101594836#1 -101594836#0 -372606529#1 -372606529#0 -101607965 101607964#1 101607969#0 101607969#1 -100468681#3 -101600741#4 101600741#4 100468681#3 100468681#4 100468681#5 100468681#6 100525438#0 100525438#1 100525438#2 659278038#0 659278038#1 659278038#2 659278038#3 100475365#0 100475365#1,2.7884371459166823
13,13,100475365#1 282479151#3 282479151#4 282479151#5 282479151#6 100475366 100475359 282689984#0 282689984#1 619185406 619184994 1164659927#1 1164659928 -372606529#8 -372606529#7 -372606529#6 -372606529#5 -372606529#4 -372606529#3 -372606529#2 101594836#0 101594809#0 336863934,1.856809347209006
13,13,100475365#1 282479151#3 282479151#4 282479151#5 282479151#6 100475366 100475359 282689984#0 282689984#1 619185406 619184994 -619184994 120511930 42762428#1 42762428#4 1197063689 282479127#0 101611060 -372606529#7 -372606529#6 -372606529#5 -372606529#4 -372606529#3 -372606529#2 101594836#0 101594809#0 336863934,2.7932039050321356
13,13,100475365#1 282479151#3 282479151#4 282479151#5 282479151#6 100475366 100475359 282689984#0 282689984#1 619185406 619184994 1164659927#1 1164659928 -372606529#8 -372606529#7 -372606529#6 -101611600 101611600 -372606529#5 -372606529#4 -372606529#3 -372606529#2 101594836#0 101594809#0 336863934,2.035043088509702
13,25,100475365#1 282479151#3 282479151#4 282479151#5 282479151#6 282479151#7 282479151#1 100475362 -659278038#3 -659278038#2 101604503 101604513#1 -101604513#1,0.46570963878712035
13,25,100475365#1 282479151#3 282479151#4 282479151#5 282479151#6 282479151#7 282479151#1 100475362 -659278038#3 -659278038#2 -659278038#1 659278038#1 101604503 101604513#1 -101604513#1,0.5376184022925224
13,25,100475365#1 282479151#3 -1047409997 1047409997 282479151#4 282479151#5 282479151#6 282479151#7 282479151#1 100475362 -659278038#3 -659278038#2 101604503 101604513#1 -101604513#1,0.4740129745202617
13,32,100475365#1 282479151#3 282479151#4 282479151#5 282479151#6 282479151#7 282479151#1 100475362 -659278038#3 -101601832#2 -101601832#1 -101601832#0,0.4714420397388617
13,32,100475365#1 282479151#3 -1047409997 1047409997 282479151#4 282479151#5 282479151#6 282479151#7 282479151#1 100475362 -659278038#3 -101601832#2 -101601832#1 -101601832#0,0.479745375472003
13,32,100475365#1 282479151#3 282479151#4 282479151#5 282479151#6 282479151#7 282479151#1 100475362 -659278038#3 -101601832#2 -101601830 101601830 -101601832#1 -101601832#0,0.5694501990861139
13,36,100475365#1 282479151#3 282479151#4 100488713 -100488715#7 -100488715#6 -100488715#5 -100488715#4 101418592 101418584#2 101418584#3 101418584#4 416373452 -100525445 526438862#0 526438862#1 526438862#2 101418589 -101418589 1200809292 868087112 526439431#0 526439431#1 42762429 1323419246 -416373452 101418587 -101418587 -101418584#4 -101418584#3 -101418584#2 -101418592 100488715#4 100488715#5 100488715#6 -101605219 101605219 100488715#7 100488714 282479151#6 100475366 100475359 282689984#0 282689984#1 619185406 120511930 42762428#1 1164653913 463830226#0 -416376586 71223791#1 101411570 282689981#1 -120511301 120509990 71324347#0 71324347#1 71324347#2 71324347#3,6.497179086192851
13,36,100475365#1 282479151#3 282479151#4 100488713 -100488715#7 -101605219 -100488715#5 -100488715#4 101418592 101418584#2 101418584#3 101418584#4 416373452 -100525445 526438862#0 526438862#1 526438862#2 101418589 625955757 71324347#2 71324347#3,1.9713752591899707
13,36,100475365#1 282479151#3 282479151#4 100488713 -100488715#7 -101605219 101605219 -100488715#6 -100488715#5 -100488715#4 101418592 101418584#2 101418584#3 101418584#4 416373452 -100525445 526438862#0 526438862#1 526438862#2 101418589 625955757 71324347#2 71324347#3,2.6720213203502157
13,43,100475365#1 282479151#3 282479151#4 282479151#5 282479151#6 100475366 100475359 282689984#0 282689984#1 619185406 619184994 1164659927#1 1164659928 -372606529#8 -372606529#7 -372606529#6 -372606529#5 -372606529#4 -372606529#3 -372606529#2 -372606529#1 -372606529#0 -101607965 101607964#1 101607969#0 101607966#0 101607966#1 101607963,2.3543374009070868
13,43,100475365#1 282479151#3 282479151#4 282479151#5 282479151#6 282479151#7 282479151#1 100475362 -659278038#3 -659278038#2 -659278038#1 -659278038#0 -100525438#2 -100525438#1 -100525438#0 -100468681#6 -100468681#5 101607105 101607099 101607107 101607098#1 101607098#2 -101607965 101607964#1 101607969#0 101607966#0 101607966#1 101607963,2.6759217293828974
13,43,100475365#1 282479151#3 282479151#4 282479151#5 282479151#6 282479151#7 282479151#1 100475362 -659278038#3 -659278038#2 -659278038#1 -659278038#0 -100525438#2 -100525438#1 -100525438#0 -100468681#6 -100468681#5 101607105 -101607101 101607107 101607098#1 101607098#2 -101607965 101607964#1 101607969#0 101607966#0 101607966#1 101607963,2.67674205751415
13,65,100475365#1 282479151#3 282479151#4 100488713 -100488715#7 -101605219 -100488715#5 -100488715#4 101418592 101418584#2 101418584#3 101418584#4 416373452 -100525445 526438862#0 526438862#1 526438862#2 101418589 625955757 71324347#2 71324347#3 71324347#4 71324347#5,2.3674783766959657
13,65,100475365#1 282479151#3 282479151#4 100488713 -100488715#7 -100488715#6 -100488715#5 -100488715#4 101418592 101418584#2 101418584#3 101418584#4 416373452 -100525445 526438862#0 526438862#1 526438862#2 101418589 625955757 71324347#2 71324347#3 71324347#4 71324347#5,2.2623768976594265
13,65,100475365#1 282479151#3 282479151#4 100488713 -100488715#7 -100488715#6 -100488715#5 -100488715#4 101418592 -101418592 100488715#4 100488715#5 100488715#6 -101605219 101605219 100488715#7 100488714 282479151#6 100475366 100475359 282689984#0 282689984#1 619185406 120511930 -42762428#0 -697042776#1 42762429 1323419246 -100525445 526438862#0 526438862#1 526438862#2 101418589 625955757 71324347#2 71324347#3 71324347#4 71324347#5,4.615517477145362
13,82,100475365#1 282479151#3 282479151#4 282479151#5 282479151#6 282479151#7 282479151#1 100475362 -659278038#3 -659278038#2 -659278038#1 -659278038#0 -100525438#2 -100525438#1 -100525438#0 -100468681#6 -100468681#5 101607105 101607099 101607107 101607098#1 101607098#2 -120512823#1 -120512823#0 -101609498#5 336863927#0 -101609494#1 -101609494#0,2.2693610633598293
13,82,100475365#1 282479151#3 282479151#4 282479151#5 282479151#6 100475366 100475359 282689984#0 282689984#1 619185406 619184994 1164659927#1 1164659928 -372606529#8 -372606529#7 -372606529#6 -372606529#5 -372606529#4 -372606529#3 -372606529#2 -372606529#1 -372606529#0 -120512823#1 -120512823#0 -101609498#5 336863927#0 -101609494#1 -101609494#0,1.9477767348840185
13,82,100475365#1 282479151#3 282479151#4 282479151#5 282479151#6 282479151#7 282479151#1 100475362 -659278038#3 -659278038#2 -659278038#1 -659278038#0 -100525438#2 -100525438#1 -100525438#0 -100468681#6 -100468681#5 101607105 -101607101 101607107 101607098#1 101607098#2 -120512823#1 -120512823#0 -101609498#5 336863927#0 -101609494#1 -101609494#0,2.270181391491082
14,5,-101611601 101611601 -372606529#2 -372606529#1 -372606529#0 -101607965 101607964#1 101607969#0 101607969#1 -100468681#3 -100468681#2 -100468681#1 -100468681#0,1.6286214557817367
14,5,-101611601 101611601 -372606529#2 -372606529#1 -372606529#0 -101607965 101607964#1 101607969#0 101607969#1 100468681#4 -100468681#4 -100468681#3 -100468681#2 -100468681#1 -100468681#0,1.7679423101133902
14,5,-101611601 101611601 -372606529#2 101594836#0 -101594836#0 -372606529#1 -372606529#0 -101607965 101607964#1 101607969#0 101607969#1 -100468681#3 -100468681#2 -100468681#1 -100468681#0,1.7753201352535255
14,18,-101611601 101611601 372606529#3 372606529#4 372606529#5 372606529#6 372606529#7 372606529#8 1164659929 120512822 282479125#0 282479125#1 120511930 -42762428#0 -697042776#1 42762429 1323419246 184568063 76867740 1323419243 -1323419243,2.893463346461694
14,18,-101611601 101611601 372606529#3 372606529#4 372606529#5 372606529#6 372606529#7 372606529#8 1164659929 120512822 282479125#0 282479125#1 120511930 -42762428#0 -697042776#1 42762429 1323419246 184568063 1323419245 16648700 1323419243 -1323419243,2.8602700691507703
14,18,-101611601 101611601 372606529#3 372606529#4 372606529#5 372606529#6 372606529#7 372606529#8 1164659929 120512822 282479125#0 282479125#1 120511930 -42762428#0 -697042776#1 42762429 -120511142#2 120511142#2 1323419246 184568063 76867740 1323419243 -1323419243,3.0102300531443675
15,5,-101604496#1 101604496#1 -100525438#1 -101601553#1 -101601553#0 101600741#4 -100468681#2 -100468681#1 -100468681#0,1.5343966816388184
15,5,-101604496#1 101604496#1 -100525438#1 -100525438#0 -100468681#6 -100468681#5 -100468681#4 -100468681#3 -100468681#2 -100468681#1 -100468681#0,1.4085284077633933
15,5,-101604496#1 101604496#1 -100525438#1 -101601553#1 -101601557 101601557 -101601553#0 101600741#4 -100468681#2 -100468681#1 -100468681#0,1.5761173439858305
15,15,-101604496#1 101604496#1 -100525438#1 -100525438#0 100468681#7 100468681#8 282479126 133906980 133906979 282479125#0 282479125#1 120511930 42762428#1 1164653913 463830226#0 463830226#1 101411570 282689981#1 -120511301 101411571#0 -47374680#8 -47374680#7 -47374680#6 101746498#0 101746498#1 101746498#2 -101746498#2,3.8260924672244703
15,15,-101604496#1 101604496#1 -100525438#1 -100525438#0 100468681#7 100468681#8 282479126 133906980 133906979 282479125#0 282479125#1 120511930 -42762428#0 -697042776#1 42762429 1323419246 184568063 76867740 1323419243 120511145 47374680#0 47374680#1 101415865#0 -101749449#1 101746514 -101746498#2,4.5994137611848185
15,15,-101604496#1 101604496#1 -100525438#1 -100525438#0 100468681#7 100468681#8 282479126 133906980 133906979 282479125#0 282479125#1 120511930 -42762428#0 -697042776#1 42762429 1323419246 184568063 76867740 1323419243 120511145 47374680#0 101749458#0 101749458#1 -101749449#1 101746514 -101746498#2,3.816029161844723
16,14,101594836#1 101594812#3 101594812#0 101594843 101594815#0 -659283000#5 -659283000#3 -659283000#2 -659283000#1 -659283000#0 -282479127#2 1164653914 -619184994 120511930 -42762428#0 -697042776#1 42762429 1323419246 -416373452 -101418584#4 -101418584#3 -101418584#2 -101418584#1,2.487204428207568
16,14,101594836#1 101594812#3 101594812#0 101594843 101594815#0 -659283000#5 -659283000#3 -659283000#2 -659283000#1 -659283000#0 -282479127#2 -1197063689 -42762428#4 -42762428#3 -42762428#0 -697042776#1 42762429 1323419246 -416373452 -101418584#4 -101418584#3 -101418584#2 -101418584#1,2.199609390192362
16,14,101594836#1 101594812#3 101594812#0 101594843 101594815#0 -659283000#5 -659283000#3 -659283000#2 -659283000#1 -659283000#0 -282479127#2 1164653914 -619184994 120511930 -42762428#0 -697042776#1 42762429 1323419246 -100525445 100525445 -416373452 -101418584#4 -101418584#3 -101418584#2 -101418584#1,2.7978887019170515
17,4,659281081#1 100525445 -416373452 101418587 464265154 120511142#1 75421017 619185406 120511930 42762428#1 1164653913 463830226#0 463830226#1 101411570 282689981#1 352797377 -352797377,3.1092249426768546
17,4,659281081#1 526438862#0 526438862#1 526438862#2 1200809292 868087112 526439431#0 526439431#1 687927789#0 -71324342 71223791#0 71223791#1 101411570 282689981#1 352797377 -352797377,2.4473470165604034
17,4,659281081#1 526438862#0 526438862#1 526438862#2 1200809292 868087112 526439431#0 526439431#1 697042776#0 -697042776#1 687927789#0 -71324342 71223791#0 71223791#1 101411570 282689981#1 352797377 -352797377,2.4562505779849735
17,12,659281081#1 100525445 -416373452 101418587 464265154 120511142#1 75421017 -282689984#1 -282689984#0 -134065887 100475363 282479151#1 100475362 -659278038#3 659278038#3 100475365#0 100475365#1,1.6394101196994277
17,12,659281081#1 100525445 -416373452 101418587 464265154 120511142#1 120511142#2 -120511142#2 75421017 -282689984#1 -282689984#0 -134065887 100475363 282479151#1 100475362 -659278038#3 659278038#3 100475365#0 100475365#1,1.7561768263821007
17,12,659281081#1 100525445 -416373452 101418587 -101418587 416373452 -100525445 526438862#0 526438862#1 526438862#2 1200809292 868087112 526439431#0 526439431#1 623959719 -282689984#1 -282689984#0 -134065887 100475363 282479151#1 100475362 -659278038#3 659278038#3 100475365#0 100475365#1,2.0671531967718693
17,15,659281081#1 100525445 184568063 76867740 1323419243 120511145 47374680#0 47374680#1 101415865#0 -101749449#1 101746514 -101746498#2,2.9253631186095745
17,15,659281081#1 100525445 184568063 76867740 1323419243 120511145 283490977#1 -173532317#3 -173532317#2 -101415865#2 -101415865#1 -101749449#1 101746514 -101746498#2,2.9551196000358386
17,15,659281081#1 100525445 184568063 76867740 1323419243 120511145 47374680#0 101749458#0 101749458#1 -101749449#1 101746514 -101746498#2,2.141978519269479
18,2,-297823021 -297823018 -297823020#1 1047412912#1 -659283000#11 -659283000#10 -659283000#8 101594822 101594815#0 -659283000#5 -659283000#3 -659283000#2 -659283000#1 -659283000#0 -282479127#2 -1197063689 -42762428#4 -42762428#3 -42762428#0 -697042776#1 42762429 1323419246 -416373452 416373452,2.572472617556741
18,2,-297823021 -297823018 -297823020#1 1047412912#1 -659283000#11 -659283000#10 -659283000#8 101594822 101594815#0 -659283000#5 -659283000#3 -659283000#2 -659283000#1 -659283000#0 -282479127#2 1164653914 -619184994 120511930 -42762428#0 -697042776#1 42762429 1323419246 -416373452 416373452,2.8600676555719473
18,2,-297823021 297823023#1 297823019#3 297823019#4 297823017 372606529#1 372606529#2 372606529#3 372606529#4 372606529#5 372606529#6 372606529#7 372606529#8 1164659929 120512822 282479125#0 282479125#1 120511930 -42762428#0 -697042776#1 42762429 1323419246 -416373452 416373452,3.0089663367146717
18,9,-297823021 297823023#1 297823019#3 297823019#4 297823017 372606529#1 372606529#2 372606529#3 372606529#4 372606529#5 -372606529#5 -372606529#4,1.312665066026411
18,9,-297823021 297823023#1 297823019#3 297823019#4 297823017 372606529#1 372606529#2 372606529#3 372606529#4 372606529#5 372606529#6 -372606529#6 -372606529#5 -372606529#4,1.4216086434573834
18,9,-297823021 297823023#1 297823019#3 297823019#4 297823017 -372606529#0 372606529#0 372606529#1 372606529#2 372606529#3 372606529#4 372606529#5 -372606529#5 -372606529#4,1.3214285714285718
18,12,-297823021 297823023#1 297823019#3 297823019#4 297823017 -372606529#0 -101607965 101607964#1 101607969#0 101607969#1 100468681#4 100468681#5 100468681#6 100525438#0 100525438#1 100525438#2 659278038#0 659278038#1 659278038#2 659278038#3 100475365#0 100475365#1,2.624982548815063
18,12,-297823021 297823023#1 297823019#3 297823019#4 297823017 -372606529#0 -101607965 101607964#1 101607969#0 101607969#1 -100468681#3 -101600741#4 101601553#0 101601553#1 100525438#1 100525438#2 659278038#0 659278038#1 659278038#2 659278038#3 100475365#0 100475365#1,2.874740608986576
18,12,-297823021 297823023#1 297823019#3 297823019#4 297823017 -372606529#0 -101607965 101607964#1 101607969#0 101607969#1 100468681#4 100468681#5 100468681#6 100525438#0 100525438#1 100525438#2 659278038#0 659278038#1 -659278038#1 -101601831 101601831 -659278038#0 -100525438#2 -101604496#1 101604496#1 -100525438#1 -101601553#1 101601553#1 -100525438#0 100468681#7 100468681#8 120511932#0 120511932#1 120511932#2 -101604499 100475363 282479151#1 100475362 -659278038#3 659278038#3 100475365#0 100475365#1,5.9410531239133535
18,16,-297823021 -297823018 -297823020#1 1047412912#1 -659283000#11 -659283000#10 -659283000#8 101594822 101594815#0 -659283000#5 -659283000#3 -659283000#2 -659283000#1 -659283000#0 -282479127#2 1164653914 -619184994 120511930 -42762428#0 -697042776#1 42762429 1323419246 184568063 76867740 1323419243 120511145 283490977#1 -173532317#3 -173532317#2 -173532317#1 -101765339#6 416382004 101754276#1 -101754276#1,4.8164426461729395
18,16,-297823021 -297823018 -297823020#1 1047412912#1 -659283000#11 -659283000#10 -659283000#8 -659283000#7 -659283000#6 -659283000#5 -659283000#3 -659283000#2 -659283000#1 -659283000#0 -282479127#2 -1197063689 -42762428#4 -42762428#3 -42762428#0 -697042776#1 42762429 1323419246 184568063 1323419245 16648700 1323419243 -162276533#2 162276533#2 120511145 283490977#1 -173532317#3 -173532317#2 -173532317#1 -101765339#6 416382004 101754276#1 -101754276#1,5.226333542776362
18,16,-297823021 297823023#1 297823019#3 297823019#4 297823017 372606529#1 372606529#2 372606529#3 372606529#4 372606529#5 372606529#6 372606529#7 372606529#8 1164659929 120512822 282479125#0 282479125#1 120511930 -42762428#0 -697042776#1 42762429 1323419246 184568063 76867740 1323419243 120511145 283490977#1 -173532317#3 -173532317#2 -173532317#1 -101765339#6 416382004 101754276#1 -101754276#1,4.965341327315664
19,17,-282689985#1 282689985#1 162276533#0 162276533#1 100488715#0 100488715#1 100488715#2 100488715#3 101418592 101418584#2 101418584#3 101418584#4 101418587 464265154 120511142#1 75421017 619185406 619184994 1164659927#1 1164659928 -372606529#8 -372606529#7 -372606529#6 -372606529#5 -372606529#4 -372606529#3 -372606529#2 -372606529#1 -372606529#0 -101607965 101607964#1 101607969#0 101607966#0 -101608828 -101609498#2 -101609498#1 -101608959,4.344090940912002
19,17,-282689985#1 282689985#1 162276533#0 162276533#1 100488715#0 100488715#1 100488715#2 100488715#3 101418592 101418584#2 101418584#3 101418584#4 101418587 464265154 120511142#1 75421017 619185406 619184994 1164659927#1 1164659928 -372606529#8 -372606529#7 -372606529#6 -372606529#5 -372606529#4 -372606529#3 -372606529#2 -372606529#1 -372606529#0 -120512823#1 -120512823#0 -101609498#5 -101609498#4 -101609498#3 -101609498#2 -101609498#1 -101608959,4.255385048187742
19,17,-282689985#1 282689985#1 162276533#0 162276533#1 162276533#2 -1323419243 -16648700 42762427 659281081#0 659281081#1 100525445 -416373452 101418587 464265154 120511142#1 75421017 619185406 619184994 1164659927#1 1164659928 -372606529#8 -372606529#7 -372606529#6 -372606529#5 -372606529#4 -372606529#3 -372606529#2 -372606529#1 -372606529#0 -120512823#1 -120512823#0 -101609498#5 336863927#0 336863927#1 336863927#2 101608827 -101609498#1 -101608959,4.547644356518706
20,18,526438862#2 1200809292 868087112 526439431#0 526439431#1 42762429 1323419246 184568063 76867740 1323419243 -1323419243,1.8169067627050821
20,18,526438862#2 1200809292 868087112 526439431#0 526439431#1 42762429 1323419247 -1323419247 1323419246 184568063 76867740 1323419243 -1323419243,2.0521808723489396
20,18,526438862#2 101418589 625955757 71324347#2 71324347#3 71324347#4 71324347#5 47374666 -42762427 16648700 1323419243 -1323419243,1.895889470896272
20,48,526438862#2 1200809292 868087112 526439431#0 526439431#1 623959719 619185406 619184994 1164659927#1 1164659926 120512822 -133906979 -133906980 -282479126 -100468681#8 -100468681#7 100525438#0 -101601553#1 -101601553#0 101600741#4 -100468681#2 -100468681#1,2.2820266047383666
20,48,526438862#2 1200809292 868087112 526439431#0 526439431#1 623959719 619185406 619184994 1164659927#1 1164659926 120512822 -133906979 -133906980 -282479126 -100468681#8 -100468681#7 -100468681#6 -100468681#5 -100468681#4 -100468681#3 -100468681#2 -100468681#1,1.795374017137452
20,48,526438862#2 1200809292 868087112 526439431#0 526439431#1 623959719 -282689984#1 -282689984#0 -134065887 100475363 282479151#1 100475362 -659278038#3 -659278038#2 -659278038#1 -659278038#0 -100525438#2 -100525438#1 -101601553#1 -101601553#0 101600741#4 -100468681#2 -100468681#1,2.1373901756526945
21,15,71324347#0 71324347#1 71324347#2 71324347#3 71324347#4 71324347#5 -47374665#1 47374680#4 47374680#5 101746498#0 101746498#1 101746498#2 -101746498#2,2.706737946977352
21,15,71324347#0 71324347#1 71324347#2 71324347#3 71324347#4 71324347#5 -47374665#1 -47374680#3 -47374680#2 101415865#0 -101749449#1 101746514 -101746498#2,2.8455075801005796
21,15,71324347#0 71324347#1 71324347#2 71324347#3 71324347#4 71324347#5 -47374665#1 47374680#4 47374664 -47374664 47374680#5 101746498#0 101746498#1 101746498#2 -101746498#2,3.7656415084019215
21,39,71324347#0 71324347#1 71324347#2 71324347#3 71324347#4 71324347#5 -47374665#1 47374680#4 47374664 -47374664,2.194393009002162
21,39,71324347#0 71324347#1 71324347#2 71324347#3 71324347#4 71324347#5 -47374665#1 47374665#0 47374666 659281081#0 1323419244 76867740 1323419243 120511145 47374680#0 47374680#1 47374680#2 47374680#3 47374680#4 47374664 -47374664,4.571150617691747
21,39,71324347#0 71324347#1 71324347#2 71324347#3 71324347#4 71324347#5 -47374665#1 47374665#0 47374666 -42762427 16648700 1323419243 120511145 47374680#0 47374680#1 47374680#2 47374680#3 47374680#4 47374664 -47374664,4.361866904206353
22,19,297823019#4 297823017 372606529#1 372606529#2 372606529#3 372606529#4 372606529#5 372606529#6 372606529#7 372606529#8 1164659929 120512822 282479125#0 282479125#1 120511930 -42762428#0 -697042776#1 42762429 1323419246 184568063 1323419245 16648700 1323419243 120511145 283490977#1 -173532317#3 -101786553#2 -101786553#1 -101787498,4.275836382069027
22,19,297823019#4 297823017 372606529#1 372606529#2 372606529#3 372606529#4 372606529#5 372606529#6 372606529#7 372606529#8 1164659929 120512822 282479125#0 282479125#1 120511930 -42762428#0 -697042776#1 42762429 1323419246 184568063 76867740 1323419243 120511145 283490977#1 -173532317#3 -101786553#2 -101786553#1 -101787498,4.30902965937995
22,19,297823019#4 297823017 372606529#1 372606529#2 372606529#3 372606529#4 372606529#5 372606529#6 372606529#7 372606529#8 1164659929 120512822 282479125#0 282479125#1 120511930 -42762428#0 -697042776#1 42762429 1323419246 184568063 76867740 1323419243 -162276533#2 162276533#2 120511145 283490977#1 -173532317#3 -101786553#2 -101786553#1 -101787498,5.11042154802886
23,5,-47374665#1 47374665#0 47374666 659281081#0 659281081#1 100525445 -416373452 101418587 464265154 120511142#1 75421017 619185406 619184994 1164659927#1 1164659926 120512822 -133906979 -133906980 -282479126 -100468681#8 -100468681#7 100525438#0 -101601553#1 -101601553#0 101600741#4 -100468681#2 -100468681#1 -100468681#0,5.271609223735177
23,5,-47374665#1 47374665#0 47374666 659281081#0 659281081#1 100525445 -416373452 101418587 464265154 120511142#1 75421017 619185406 619184994 1164659927#1 1164659928 1164659929 120512822 -133906979 -133906980 -282479126 -100468681#8 -100468681#7 100525438#0 -101601553#1 -101601553#0 101600741#4 -100468681#2 -100468681#1 -100468681#0,5.282933753547102
23,5,-47374665#1 47374665#0 47374666 659281081#0 659281081#1 100525445 -416373452 101418587 464265154 120511142#1 75421017 619185406 619184994 1164659927#1 1164659926 120512822 -133906979 -133906980 -282479126 -100468681#8 -100468681#7 -100468681#6 -100468681#5 -100468681#4 -100468681#3 -100468681#2 -100468681#1 -100468681#0,4.784956636134262
24,12,-297823024 297823024 297823019#4 297823017 -372606529#0 -101607965 101607964#1 101607969#0 101607969#1 -100468681#3 -101600741#4 101601553#0 101601553#1 100525438#1 100525438#2 659278038#0 659278038#1 659278038#2 659278038#3 100475365#0 100475365#1,3.2322035941806533
24,12,-297823024 297823024 297823019#4 297823017 -372606529#0 -101607965 101607964#1 101607969#0 101607969#1 100468681#4 100468681#5 100468681#6 100525438#0 100525438#1 100525438#2 659278038#0 659278038#1 659278038#2 659278038#3 100475365#0 100475365#1,2.9824455340091403
24,12,-297823024 297823024 297823019#4 297823017 372606529#1 -372606529#1 -372606529#0 -101607965 101607964#1 101607969#0 101607969#1 -100468681#3 -101600741#4 101601553#0 101601553#1 100525438#1 100525438#2 659278038#0 659278038#1 659278038#2 659278038#3 100475365#0 100475365#1,3.454272421711666
24,20,-297823024 297823024 297823019#4 297823017 372606529#1 372606529#2 372606529#3 372606529#4 372606529#5 372606529#6 372606529#7 372606529#8 1164659929 120512822 282479125#0 282479125#1 120511930 -42762428#0 -697042776#1 42762429 1323419246 184568063 76867740 1323419243 120511145 283490977#1 -173532317#3 -173532317#2 -173532317#1 -101765339#6 -101765339#5 -101767911 101767915#1,5.13707102711495
24,20,-297823024 297823024 297823019#4 297823017 372606529#1 372606529#2 372606529#3 372606529#4 372606529#5 372606529#6 372606529#7 372606529#8 1164659929 120512822 282479125#0 282479125#1 120511930 -42762428#0 -697042776#1 42762429 1323419246 184568063 1323419245 16648700 1323419243 120511145 283490977#1 -173532317#3 -173532317#2 -173532317#1 -101765339#6 -101765339#5 -101767911 101767915#1,5.103877749804026
24,20,-297823024 297823024 297823019#4 297823017 372606529#1 372606529#2 372606529#3 372606529#4 372606529#5 372606529#6 372606529#7 372606529#8 1164659929 120512822 282479125#0 282479125#1 120511930 -42762428#0 -697042776#1 42762429 1323419246 184568063 76867740 1323419243 -162276533#2 162276533#2 120511145 283490977#1 -173532317#3 -173532317#2 -173532317#1 -101765339#6 -101765339#5 -101767911 101767915#1,5.938462915763859
25,21,-100488715#4 101418592 101418584#2 101418584#3 101418584#4 101418587 464265154 120511142#1 75421017 619185406 619184994 1164659927#1 1164659928 -372606529#8 -372606529#7 -372606529#6 -372606529#5 -372606529#4 -372606529#3 -101611601,1.780484720886195
25,21,-100488715#4 101418592 -101418592 100488715#4 100488715#5 100488715#6 100488715#7 100488714 282479151#6 100475366 100475359 282689984#0 282689984#1 619185406 619184994 1164659927#1 1164659928 -372606529#8 -372606529#7 -372606529#6 -372606529#5 -372606529#4 -372606529#3 -101611601,1.8895041962069208
25,21,-100488715#4 101418592 101418584#2 101418584#3 101418584#4 101418587 464265154 120511142#1 75421017 619185406 619184994 1164659927#1 1164659928 -372606529#8 -372606529#7 -372606529#6 -372606529#5 -372606529#4 -101611599 101611599 -372606529#3 -101611601,1.9270409963841553
25,29,-100488715#4 101418592 101418584#2 101418584#3 101418584#4 101418587 464265154 120511142#1 75421017 619185406 619184994 -619184994,1.1947904431751102
25,29,-100488715#4 101418592 -101418592 100488715#4 100488715#5 100488715#6 100488715#7 100488714 282479151#6 100475366 100475359 282689984#0 282689984#1 619185406 619184994 -619184994,1.303809918495836
25,29,-100488715#4 -100488715#3 100488715#3 101418592 -101418592 100488715#4 100488715#5 100488715#6 100488715#7 100488714 282479151#6 100475366 100475359 282689984#0 282689984#1 619185406 619184994 -619184994,2.003689870476628
25,77,-100488715#4 100488715#4 120829754 101605951#5 -101605951#5,1.0748386272793065
25,77,-100488715#4 -100488715#3 100488715#3 100488715#4 100488715#5 -100488715#5 120829754 101605951#5 -101605951#5,1.948988287143252
25,77,-100488715#4 101418592 -101418592 100488715#4 120829754 101605951#5 -101605951#5,1.1797462346707153
26,2,868087112 526439431#0 526439431#1 42762429 1323419246 -416373452 416373452,0.8979219189475646
26,2,868087112 526439431#0 526439431#1 697042776#0 -697042776#1 42762429 1323419246 -416373452 416373452,0.9068254803721344
26,2,868087112 526439431#0 526439431#1 42762429 -120511142#2 120511142#2 1323419246 -100525445 100525445 -416373452 416373452,1.3253728993397216
27,3,75421017 619185406 120511930 -42762428#0 -697042776#1 42762429 1323419246 -416373452 -101418584#4 -101418584#3 -101418584#2 -101418592 -100488715#3 101605951#0 101605951#1 -101606546 101606547#1,2.092265862428485
27,3,75421017 619185406 120511930 -42762428#0 -697042776#1 42762429 1323419246 184568063 76867740 1323419243 -162276533#2 100488715#0 100488715#1 100488715#2 101605951#0 101605951#1 -101606546 101606547#1,3.3398081622857934
27,3,75421017 619185406 120511930 -42762428#0 -697042776#1 42762429 1323419247 -1323419247 1323419246 -416373452 -101418584#4 -101418584#3 -101418584#2 -101418592 -100488715#3 101605951#0 101605951#1 -101606546 101606547#1,2.3275399720723424
27,9,75421017 619185406 619184994 1164659927#1 1164659928 -372606529#8 -372606529#7 -372606529#6 -372606529#5 -372606529#4,0.9960184073629451
27,9,75421017 619185406 619184994 1164659927#1 1164659928 -372606529#8 -372606529#7 -372606529#6 -101611600 101611600 -372606529#5 -372606529#4,1.1742521486636412
27,9,75421017 619185406 619184994 -619184994 120511930 42762428#1 42762428#4 1197063689 282479127#0 101611060 -372606529#7 -372606529#6 -372606529#5 -372606529#4,1.9324129651860744
27,18,75421017 619185406 120511930 -42762428#0 -697042776#1 42762429 1323419246 184568063 76867740 1323419243 -1323419243,2.0738295318127253
27,18,75421017 619185406 120511930 -42762428#0 -697042776#1 42762429 1323419246 184568063 1323419245 16648700 1323419243 -1323419243,2.040636254501801
27,18,75421017 619185406 120511930 -42762428#0 -697042776#1 42762429 -120511142#2 120511142#2 1323419246 -100525445 100525445 184568063 76867740 1323419243 -1323419243,2.501280512204882
27,22,75421017 -282689984#1 -282689984#0 -134065887 100475363 282479151#1 100475362 -659278038#3 -659278038#2 -659278038#1 -659278038#0 659278036#0 -416412034 659278036#2 659278036#3 -100468675#3 -100468675#2 -100468675#1 -100468675#0,2.044081621129373
27,22,75421017 -282689984#1 -282689984#0 -134065887 100475363 282479151#1 100475362 -659278038#3 -659278038#2 -659278038#1 -659278038#0 659278036#0 659278036#1 659278036#2 659278036#3 -100468675#3 -100468675#2 -100468675#1 -100468675#0,1.8011644542626264
27,22,75421017 -282689984#1 101594826 -101594826 -282689984#0 -134065887 100475363 282479151#1 100475362 -659278038#3 -659278038#2 -659278038#1 -659278038#0 659278036#0 659278036#1 659278036#2 659278036#3 -100468675#3 -100468675#2 -100468675#1 -100468675#0,2.328615434654784
28,3,416409192#0 416409192#1 416409192#2 416409192#3 416409192#4 416409192#5 416409192#6 416409192#7 416409192#8 -162276631 162276528 1323419242#0 1323419242#1 162276533#0 162276533#1 100488715#0 100488715#1 100488715#2 101605951#0 101605951#1 -101606546 101606547#1,2.2760402699863507
28,3,416409192#0 416409192#1 416409192#2 416409192#3 416409192#4 416409192#5 416409192#6 416409192#7 416409192#8 -162276631 162276528 1323419242#0 1323419242#1 162276533#0 416405090 -416405090 162276533#1 100488715#0 100488715#1 100488715#2 101605951#0 101605951#1 -101606546 101606547#1,3.7233404859690724
28,3,416409192#0 416409192#1 416409192#2 416409192#3 416409192#4 416409192#5 416409192#6 416409192#7 416409192#8 -162276631 162276528 1323419242#0 1323419242#1 162276533#0 162276533#1 100488715#0 100488715#1 100488715#2 101605951#0 -101605948 101605948 101605951#1 -101606546 101606547#1,2.568840845940274
28,23,416409192#0 416409192#1 416409192#2 416409192#3 416409192#4 416409192#5 416409192#6 416409192#7 416409192#8 416409191#0 -416409191#0,1.240964722822174
28,23,416409192#0 416409192#1 416409192#2 416409192#3 416409192#4 416409192#5 416409192#6 416409192#7 -416409190 -416409191#1 -416409191#0,0.7125749940004799
28,23,416409192#0 416409192#1 416409192#2 416409192#3 416409192#4 416409192#5 416409192#6 416409192#7 416409192#8 -416409192#8 -416409190 -416409191#1 -416409191#0,1.6664266858651307
29,24,-282689975#2 -282689975#1 -282689975#0 -282689986 -224715833 -224715836 -101749453 -1006827381 101417074 71324343#8 71324343#9 71324343#11 659283000#7 101594822 -101594843 101594812#1 -336863934 -101594809#0 -101594836#0,1.9542370007758318
29,24,-282689975#2 -282689975#1 -282689975#0 -282689986 -224715833 -224715836 -101749453 -1006827381 101417074 71324343#8 71324343#9 71324343#11 659283000#7 101594822 -101594843 101594812#1 101594812#2 -101594836#1 -101594836#0,1.6803674529567043
29,24,-282689975#2 -282689975#1 -282689975#0 -352797377 352797377 -282689986 -224715833 -224715836 -101749453 -1006827381 101417074 71324343#8 71324343#9 71324343#11 659283000#7 101594822 -101594843 101594812#1 -336863934 -101594809#0 -101594836#0,3.9201233553176493
29,60,-282689975#2 -282689975#1 -282689975#0 -352797377 -120511301 101411571#0 -47374680#8 -47374680#7 -47374680#6 -47374680#5 -47374680#4 -47374680#3 -47374680#2 -47374680#1 -47374680#0 283490977#1 120511144#0 -101752970#2,3.0134803237349654
29,60,-282689975#2 -282689975#1 -282689975#0 -352797377 -120511301 101411571#0 -47374680#8 -47374680#7 -47374680#6 101746498#0 -101746498#0 -47374680#5 -47374680#4 -47374680#3 47374680#3 47374680#4 47374680#5 47374680#6 47374680#7 -101749451 101749451 47374680#8 -101411571#0 120509990 120509991 282689983#0 101418595 526439431#1 42762429 1323419246 184568063 76867740 1323419243 120511145 283490977#1 120511144#0 -101752970#2,6.27448023125737
29,60,-282689975#2 -282689975#1 -282689975#0 -352797377 -120511301 120509990 120509991 282689983#0 101418595 526439431#1 42762429 1323419246 184568063 76867740 1323419243 120511145 283490977#1 120511144#0 -101752970#2,4.122379621394994
30,12,120511932#0 120511932#1 120511932#2 -101604499 100475363 282479151#1 100475362 -659278038#3 659278038#3 100475365#0 100475365#1,1.0971431049021483
30,12,120511932#0 120511932#1 120511932#2 -101604499 100475363 282479151#1 100475362 -659278038#3 -659278038#2 659278038#2 659278038#3 100475365#0 100475365#1,1.2768950056624522
30,12,120511932#0 120511932#1 120511932#2 -101604499 100475363 282479151#1 100475362 -659278038#3 -101601832#2 101601832#2 659278038#3 100475365#0 100475365#1,1.4135817898073557
31,3,-101604513#1 -101604503 659278038#2 659278038#3 100475365#0 100475365#1 282479151#3 282479151#4 100488713 -100488715#7 -100488715#6 -100488715#5 120829754 -101605951#4 -101605951#3 -101605951#2 -101606546 101606547#1,2.3163003955719366
31,3,-101604513#1 -101604503 659278038#2 659278038#3 100475365#0 100475365#1 282479151#3 282479151#4 100488713 -100488715#7 -101605219 -100488715#5 120829754 -101605951#4 -101605951#3 -101605951#2 -101606546 101606547#1,2.421401874608476
31,3,-101604513#1 -101604503 659278038#2 659278038#3 100475365#0 100475365#1 282479151#3 282479151#4 100488713 -100488715#7 -100488715#6 -100488715#5 -100488715#4 -100488715#3 101605951#0 101605951#1 -101606546 101606547#1,1.5986977368341146
31,22,-101604513#1 -101604503 -659278038#1 -659278038#0 659278036#0 -416412034 659278036#2 659278036#3 -100468675#3 -100468675#2 -100468675#1 -100468675#0,1.3803325649914393
31,22,-101604513#1 -101604503 -659278038#1 -659278038#0 659278036#0 659278036#1 659278036#2 659278036#3 -100468675#3 -100468675#2 -100468675#1 -100468675#0,1.1374153981246926
31,22,-101604513#1 -101604503 -659278038#1 -659278038#0 659278036#0 659278036#1 659278036#2 659278036#3 101600741#0 -101600741#0 -100468675#3 -100468675#2 -100468675#1 -100468675#0,1.5559428090890783
32,25,-100468675#0 100468664 100468672#2 100468667 100468681#0 100468681#1 100468681#2 -101600741#4 101601553#0 101601553#1 100525438#1 100525438#2 659278038#0 659278038#1 101604503 101604513#1 -101604513#1,1.8868539784524316
32,25,-100468675#0 100468675#0 100468675#1 100468675#2 100468675#3 101600741#0 101600741#1 101600741#2 101600741#3 101601553#0 101601553#1 100525438#1 100525438#2 659278038#0 659278038#1 101604503 101604513#1 -101604513#1,2.3103645777965616
32,25,-100468675#0 100468664 100468672#2 100468667 100468681#0 100468681#1 100468681#2 100468681#3 -100468681#3 -101600741#4 101601553#0 101601553#1 100525438#1 100525438#2 659278038#0 659278038#1 101604503 101604513#1 -101604513#1,2.000988847662895
33,5,-416409190 416409190 416409192#8 -162276631 162276528 1323419242#0 1323419242#1 162276533#0 162276533#1 100488715#0 100488715#1 100488715#2 100488715#3 100488715#4 100488715#5 100488715#6 100488715#7 100488714 282479151#6 282479151#7 282479151#1 100475362 -659278038#3 -659278038#2 -659278038#1 -659278038#0 -100525438#2 -100525438#1 -101601553#1 -101601553#0 101600741#4 -100468681#2 -100468681#1 -100468681#0,5.068231646176857
33,5,-416409190 -416409191#1 -416409191#0 -162276631 162276528 1323419242#0 1323419242#1 162276533#0 162276533#1 100488715#0 100488715#1 100488715#2 100488715#3 100488715#4 100488715#5 100488715#6 100488715#7 100488714 282479151#6 282479151#7 282479151#1 100475362 -659278038#3 -659278038#2 -659278038#1 -659278038#0 -100525438#2 -100525438#1 -101601553#1 -101601553#0 101600741#4 -100468681#2 -100468681#1 -100468681#0,4.884214367559147
33,5,-416409190 416409190 416409192#8 -162276631 162276528 1323419242#0 1323419242#1 162276533#0 162276533#1 100488715#0 100488715#1 100488715#2 100488715#3 100488715#4 100488715#5 101605219 100488715#7 100488714 282479151#6 282479151#7 282479151#1 100475362 -659278038#3 -659278038#2 -659278038#1 -659278038#0 -100525438#2 -100525438#1 -101601553#1 -101601553#0 101600741#4 -100468681#2 -100468681#1 -100468681#0,5.1601542179413435
34,26,297823019#3 297823019#4 297823017 372606529#1 372606529#2 372606529#3 372606529#4 372606529#5 372606529#6 372606529#7 372606529#8 1164659929 120512822 282479125#0 282479125#1 120511930 42762428#1 1164653913 463830226#0 71324343#0 -71324343#0,2.697563215350935
34,26,297823019#3 297823019#4 297823017 372606529#1 101594836#0 101594836#1 101594812#3 101594812#0 101594843 101594815#0 -659283000#5 -659283000#3 -659283000#2 -659283000#1 -659283000#0 -282479127#2 -1197063689 71324344 463830226#0 71324343#0 -71324343#0,2.124996794974289
34,26,297823019#3 297823019#4 297823017 372606529#1 372606529#2 372606529#3 372606529#4 372606529#5 372606529#6 372606529#7 -372606529#7 -101611066 101611066 -372606529#6 -101611600 101611600 -372606529#5 -372606529#4 -372606529#3 -372606529#2 101594836#0 101594836#1 101594812#3 101594812#0 101594843 101594815#0 -659283000#5 -659283000#3 -659283000#2 -659283000#1 -659283000#0 -282479127#2 -1197063689 71324344 463830226#0 71324343#0 -71324343#0,3.402910408223765
35,15,-297823017 297823019#1 297823023#0 -297823018 -297823020#1 1047412912#1 -659283000#11 -659283000#10 -659283000#8 101594822 101594815#0 -659283000#5 -659283000#3 -659283000#2 -659283000#1 -659283000#0 -282479127#2 -1197063689 71324344 463830226#0 463830226#1 101411570 282689981#1 -120511301 101411571#0 -47374680#8 -47374680#7 -47374680#6 101746498#0 101746498#1 101746498#2 -101746498#2,4.181130148243602
35,15,-297823017 297823019#1 297823023#0 -297823018 -297823020#1 1047412912#1 -659283000#11 -659283000#10 -659283000#8 -659283000#7 -659283000#6 -659283000#5 -659283000#3 -659283000#2 -659283000#1 -659283000#0 -282479127#2 -1197063689 71324344 463830226#0 463830226#1 101411570 282689981#1 -120511301 101411571#0 -47374680#8 -47374680#7 -47374680#6 101746498#0 101746498#1 101746498#2 -101746498#2,4.110417471524246
35,15,-297823017 297823019#1 297823023#0 -297823018 -297823020#1 1047412912#1 -659283000#11 -659283000#10 -659283000#8 101594822 101594815#0 -659283000#5 -659283000#3 -659283000#2 -659283000#1 -659283000#0 -282479127#2 -1197063689 71324344 463830226#0 463830226#1 -679068326#3 679068326#3 101411570 282689981#1 -120511301 101411571#0 -47374680#8 -47374680#7 -47374680#6 101746498#0 101746498#1 101746498#2 -101746498#2,4.739173365530517
35,20,-297823017 297823019#1 297823019#2 297823019#3 297823019#4 297823017 372606529#1 372606529#2 372606529#3 372606529#4 372606529#5 372606529#6 372606529#7 372606529#8 1164659929 120512822 282479125#0 282479125#1 120511930 -42762428#0 -697042776#1 42762429 1323419246 184568063 76867740 1323419243 120511145 283490977#1 -173532317#3 -173532317#2 -173532317#1 -101765339#6 -101765339#5 -101767911 101767915#1,4.950936573333438
35,20,-297823017 297823019#1 297823019#2 297823019#3 297823019#4 297823017 372606529#1 372606529#2 372606529#3 372606529#4 372606529#5 372606529#6 372606529#7 372606529#8 1164659929 120512822 282479125#0 282479125#1 120511930 -42762428#0 -697042776#1 42762429 1323419246 184568063 76867740 1323419243 120511145 47374680#0 -47374680#0 283490977#1 -173532317#3 -173532317#2 -173532317#1 -101765339#6 -101765339#5 -101767911 101767915#1,5.037291115150165
35,20,-297823017 297823019#1 297823023#0 -297823018 -297823020#1 1047412912#1 -659283000#11 -659283000#10 -659283000#8 101594822 101594815#0 -659283000#5 -659283000#3 -659283000#2 -659283000#1 -659283000#0 -282479127#2 1164653914 -619184994 120511930 -42762428#0 -697042776#1 42762429 1323419246 184568063 76867740 1323419243 120511145 283490977#1 -173532317#3 -173532317#2 -173532317#1 -101765339#6 -101765339#5 -101767911 101767915#1,5.02322636758087
35,27,-297823017 297823019#1 297823023#0 -297823018 -297823020#1 1047412912#1 -659283000#11 -659283000#10 -659283000#8 101594822 101594815#0 -659283000#5 -659283000#3,1.540882414880999
35,27,-297823017 297823019#1 297823023#0 -297823018 -297823020#1 1047412912#1 -659283000#11 -659283000#10 -659283000#8 -659283000#7 -659283000#6 -659283000#5 -659283000#3,1.4701697381616432
35,27,-297823017 297823019#1 297823023#0 297823021 297823022#1 -297823020#1 1047412912#1 -659283000#11 -659283000#10 -659283000#8 -659283000#7 -659283000#6 -659283000#5 -659283000#3,1.191338205548598
36,28,-100468681#0 100468681#0 100468681#1 100468681#2 100468681#3 100468681#4 101607105 101607099 101607107 101607098#1 101607098#2 -120512823#1 -120512823#0 -101609498#5 336863927#0 336863927#1 -336863927#1,2.383692166571452
36,28,-100468681#0 100468681#0 100468681#1 100468681#2 100468681#3 100468681#4 101607105 -101607101 101607107 101607098#1 101607098#2 -120512823#1 -120512823#0 -101609498#5 336863927#0 336863927#1 -336863927#1,2.3845124947027045
36,28,-100468681#0 100468681#0 100468681#1 100468681#2 -101600741#4 101600741#4 100468681#3 100468681#4 101607105 101607099 101607107 101607098#1 101607098#2 -120512823#1 -120512823#0 -101609498#5 336863927#0 336863927#1 -336863927#1,2.557781802425794
36,34,-100468681#0 100468681#0 100468681#1 100468681#2 -101600741#4 101601553#0 101601553#1 -100525438#0 100468681#7 100468681#8 282479126 133906980 133906979 282479125#0 282479125#1 120511930 -42762428#0 -697042776#1 42762429 1323419246 -100525445 526438862#0 526438862#1 526438862#2 101418589 -1200809291,3.2808006639318923
36,34,-100468681#0 100468681#0 100468681#1 100468681#2 100468681#3 100468681#4 100468681#5 100468681#6 100468681#7 100468681#8 282479126 133906980 133906979 282479125#0 282479125#1 120511930 -42762428#0 -697042776#1 42762429 1323419246 -100525445 526438862#0 526438862#1 526438862#2 101418589 -1200809291,2.784393159245352
36,34,-100468681#0 100468681#0 100468681#1 100468681#2 100468681#3 100468681#4 100468681#5 100468681#6 100468681#7 100468681#8 282479126 133906980 133906979 282479125#0 282479125#1 120511930 -42762428#0 -697042776#1 42762429 1323419246 -416373452 416373452 -100525445 526438862#0 526438862#1 526438862#2 101418589 -1200809291,2.9220701450864848
36,37,-100468681#0 100468681#0 100468681#1 100468681#2 100468681#3 100468681#4 100468681#5 100468681#6 100468681#7 100468681#8 282479126 133906980 133906979 282479125#0 282479125#1 120511930 -42762428#0 -697042776#1 42762429 1323419246 184568063 76867740 1323419243 120511145 47374680#0 101749458#0 -101749458#0,3.551533039421671
36,37,-100468681#0 100468681#0 100468681#1 100468681#2 -101600741#4 101601553#0 101601553#1 -100525438#0 100468681#7 100468681#8 282479126 133906980 133906979 282479125#0 282479125#1 120511930 -42762428#0 -697042776#1 42762429 1323419246 184568063 76867740 1323419243 120511145 47374680#0 101749458#0 -101749458#0,4.0479405441082115
36,37,-100468681#0 100468681#0 100468681#1 100468681#2 -101600741#4 101601553#0 101601553#1 -100525438#0 100468681#7 100468681#8 282479126 133906980 133906979 282479125#0 282479125#1 120511930 -42762428#0 -697042776#1 42762429 1323419246 -100525445 100525445 184568063 1323419245 16648700 1323419243 120511145 47374680#0 101749458#0 -101749458#0,4.32543154050677
36,69,-100468681#0 100468681#0 100468681#1 100468681#2 100468681#3 100468681#4 101607105 101607099 101607107 101607098#1 101607098#2 -101607965 101607964#1 101607969#0 101607966#0 -101608828,2.3679495124183583
36,69,-100468681#0 100468681#0 100468681#1 100468681#2 100468681#3 100468681#4 101607105 -101607101 101607107 101607098#1 101607098#2 -101607965 101607964#1 101607969#0 101607966#0 -101608828,2.3687698405496107
36,69,-100468681#0 100468681#0 100468681#1 100468681#2 100468681#3 100468681#4 101607105 101607099 101607107 101607098#1 101607098#2 -101607965 101607965 -120512823#1 -120512823#0 -101609498#5 -101609498#4 -101609498#3 101608828 -101608828,2.5109098210918637
36,74,-100468681#0 100468665 100468672#4 100468679 -23887076#3 -23887076#2,0.4560256295607963
36,74,-100468681#0 100468681#0 100468681#1 100468681#2 -101600741#4 -101601561 101601561 101601553#0 101601553#1 -101601553#1 -101601553#0 -101600741#3 -101601551 101601551 -101600741#2 -101600741#1 -101601563 101601563 -101600741#0 -100468675#3 -100468675#2 -100468675#1 -100468675#0 100468664 100468672#2 100468672#3 100468672#4 100468679 -23887076#3 -23887076#2,3.973511327943821
36,74,-100468681#0 100468681#0 100468681#1 100468681#2 100468681#3 100468681#4 -100468681#4 -100468681#3 -101600741#4 101601553#0 101601553#1 100525438#1 100525438#2 659278036#0 -416412034 659278036#2 -101601559 101601559 659278036#3 101600741#0 -101600741#0 -100468675#3 -100468675#2 -101599070 101599070 -100468675#1 -100468675#0 100468664 100468672#2 100468672#3 100468672#4 100468679 -23887076#3 -23887076#2,4.687224775885993
36,79,-100468681#0 100468681#0 100468681#1 100468681#2 100468681#3 100468681#4 100468681#5 100468681#6 100468681#7 100468681#8 282479126 133906980 133906979 282479125#0 282479125#1 120511930 42762428#1 1164653913 463830226#0 71324343#0 -416375814 -679068326#2 -679068326#1 -679068326#0 -1006827381 101417074,3.026448160257624
36,79,-100468681#0 100468681#0 100468681#1 100468681#2 -101600741#4 101601553#0 101601553#1 -100525438#0 100468681#7 100468681#8 282479126 133906980 133906979 282479125#0 282479125#1 120511930 42762428#1 1164653913 463830226#0 71324343#0 -416375814 -679068326#2 -679068326#1 -679068326#0 -1006827381 101417074,3.5228556649441636
36,79,-100468681#0 100468681#0 100468681#1 100468681#2 100468681#3 100468681#4 100468681#5 100468681#6 100468681#7 100468681#8 282479126 133906980 133906979 282479125#0 282479125#1 120511930 42762428#1 1164653913 463830226#0 463830226#1 -679068326#3 -679068326#2 -679068326#1 -679068326#0 -1006827381 101417074,3.0789445223733845
37,27,-101600741#2 -101600741#1 101600741#1 101600741#2 101600741#3 101600741#4 100468681#3 100468681#4 101607105 -101607101 101607107 101607098#1 101607098#2 372606529#0 372606529#1 101594836#0 101594836#1 101594812#3 101594812#0 101594843 101594815#0 -659283000#5 -659283000#3,2.374393400268674
37,27,-101600741#2 -101600741#1 101600741#1 101600741#2 101600741#3 101600741#4 100468681#3 100468681#4 101607105 101607099 101607107 101607098#1 101607098#2 372606529#0 372606529#1 101594836#0 101594836#1 101594812#3 101594812#0 101594843 101594815#0 -659283000#5 -659283000#3,2.3735730721374217
37,27,-101600741#2 -101600741#1 101600741#1 101600741#2 101600741#3 101600741#4 100468681#3 100468681#4 101607105 -101607101 101607107 101607098#1 101607098#2 372606529#0 372606529#1 372606529#2 -372606529#2 101594836#0 101594836#1 101594812#3 101594812#0 101594843 101594815#0 -659283000#5 -659283000#3,2.6224926399645527
37,64,-101600741#2 -101600741#1 -101601563 101601563 101600741#1 101600741#2 101600741#3 101601553#0 101601553#1 -100525438#0 100468681#7 100468681#8 282479126 133906980 133906979 282479125#0 282479125#1 120511930 -42762428#0 -697042776#1 42762429 1323419247 -1323419247 1323419246 184568063 76867740 1323419243 120511145 283490977#1 -173532317#3 -173532317#2 -173532317#1 -173532317#0 47374679#0 101754278#0 101754278#1 -101752975#2,4.993254148311593
37,64,-101600741#2 -101600741#1 101600741#1 101600741#2 101600741#3 101601553#0 101601553#1 -100525438#0 100468681#7 100468681#8 282479126 133906980 133906979 282479125#0 282479125#1 120511930 -42762428#0 -697042776#1 42762429 1323419246 184568063 76867740 -16648700 16648700 1323419243 120511145 283490977#1 -173532317#3 -173532317#2 -173532317#1 -173532317#0 47374679#0 101754278#0 101754278#1 -101752975#2,5.260320975042284
37,64,-101600741#2 -101600741#1 101600741#1 101600741#2 101600741#3 101601553#0 101601553#1 -100525438#0 100468681#7 100468681#8 282479126 133906980 133906979 282479125#0 282479125#1 120511930 -42762428#0 -697042776#1 42762429 1323419246 184568063 76867740 1323419243 120511145 283490977#1 -173532317#3 -173532317#2 -173532317#1 -101765339#6 416382004 336860320 101752975#1 101752975#2 -101752975#2,5.125829078931789
38,29,-101608828 101608828 -101607966#0 101607969#1 100468681#4 100468681#5 100468681#6 100468681#7 100468681#8 282479126 133906980 133906979 282479125#0 282479125#1 619184994 -619184994,1.3918651693938913
38,29,-101608828 101609498#3 -101609498#3 101608828 -101607966#0 101607969#1 100468681#4 100468681#5 100468681#6 100468681#7 100468681#8 282479126 133906980 133906979 282479125#0 282479125#1 619184994 -619184994,1.9531296751962122
38,29,-101608828 101608828 -101607966#0 101607969#1 100468681#4 100468681#5 100468681#6 100525438#0 -100525438#0 100468681#7 100468681#8 282479126 133906980 133906979 282479125#0 282479125#1 619184994 -619184994,1.7526494831193815
39,29,-101594843 101594812#1 101594812#2 101594812#3 101594812#0 101594843 101594815#0 -659283000#5 -659283000#3 -659283000#2 -659283000#1 -659283000#0 -282479127#2 1164653914 -619184994,1.024996794974289
39,29,-101594843 101594812#1 101594812#2 101594812#3 101594812#0 101594843 101594815#0 -659283000#5 -659283000#3 -659283000#2 -659283000#1 -659283000#0 -282479127#2 -1197063689 1197063689 1164653914 -619184994,1.0257971151023404
39,29,-101594843 101594812#1 101594812#2 101594812#3 101594812#0 101594843 101594815#0 659283000#6 -659283000#6 -659283000#5 -659283000#3 -659283000#2 -659283000#1 -659283000#0 -282479127#2 1164653914 -619184994,1.0261487028216614
40,18,-101787489 101787489 -120511144#0 -283490977#1 -283490977#0 -1323419243,0.8902207391235832
40,18,-101787489 101787489 120511144#1 -120511144#1 -120511144#0 -283490977#1 -283490977#0 -1323419243,1.042680542339326
40,18,-101787489 101787489 -101752970#2 101752970#2 -120511144#0 -283490977#1 -283490977#0 -1323419243,1.3962031320807662
40,75,-101787489 101787489 -120511144#0 -283490977#1 -283490977#0 -1323419243 -16648700 42762427 659281081#0 659281081#1 526438862#0,1.56517071911558
40,75,-101787489 101787489 -120511144#0 -283490977#1 47374680#0 47374680#1 47374680#2 47374680#3 47374665#0 47374666 659281081#0 659281081#1 526438862#0,2.6572168910346328
40,75,-101787489 101787489 -120511144#0 -283490977#1 -283490977#0 120511145 47374680#0 47374680#1 47374680#2 47374680#3 47374665#0 47374666 659281081#0 659281081#1 526438862#0,2.928983149733937
41,15,-1323419243 1323419243 120511145 47374680#0 101749458#0 101749458#1 -101749449#1 101746514 -101746498#2,0.9330349418385064
41,15,-1323419243 1323419243 120511145 47374680#0 47374680#1 101415865#0 -101749449#1 101746514 -101746498#2,1.7164195411786025
41,15,-1323419243 1323419243 120511145 47374680#0 47374680#1 101415865#0 -101749458#1 101749458#1 -101749449#1 101746514 -101746498#2,1.8167075181404457
41,30,-1323419243 1323419243 120511145 283490977#1 120511144#0 -101787489,0.5065203763290773
41,30,-1323419243 -16648700 16648700 1323419243 -162276533#2 162276533#2 120511145 283490977#1 120511144#0 -101787489,1.9946469588555367
41,30,-1323419243 1323419243 -162276533#2 162276533#2 120511145 283490977#1 120511144#0 -101787489,1.3079122649779855
41,51,-1323419243 -16648700 42762427 659281081#0 659281081#1 526438862#0 526438862#1 526438862#2 1200809292 868087112,0.9490796318527414
41,51,-1323419243 -16648700 42762427 659281081#0 659281081#1 526438862#0 526438862#1 526438862#2 101418589 -101418589 1200809292 868087112,0.9646671618287604
41,51,-1323419243 -16648700 42762427 659281081#0 659281081#1 100525445 -100525445 526438862#0 526438862#1 526438862#2 1200809292 868087112,1.2597639055622252
41,71,-1323419243 1323419243 -162276533#2 -162276533#1 -162276533#0 -1323419242#1,0.5281666446276135
41,71,-1323419243 1323419243 120511145 -283490977#0 -162276533#2 -162276533#1 -162276533#0 -1323419242#1,0.7999329033269176
41,71,-1323419243 -16648700 16648700 1323419243 -162276533#2 -162276533#1 -162276533#0 -1323419242#1,1.2149013385051648
42,5,-101601559 101601559 659278036#3 101600741#0 101600741#1 101600741#2 101600741#3 101600741#4 -100468681#2 -100468681#1 -100468681#0,1.690805350217841
42,5,-101601559 101601559 659278036#3 101600741#0 -101601563 101601563 101600741#1 101600741#2 101600741#3 101600741#4 -100468681#2 -100468681#1 -100468681#0,1.875199107720842
42,5,-101601559 101601559 659278036#3 101600741#0 101600741#1 101600741#2 101600741#3 101601553#0 -101601553#0 101600741#4 -100468681#2 -100468681#1 -100468681#0,1.8387445258881092
42,31,-101601559 101601559 659278036#3 101600741#0 101600741#1 101600741#2 101600741#3 101601553#0 101601553#1 -100525438#0 100468681#7 100468681#8 282479126 133906980 133906979 282479125#0 282479125#1 120511930 42762428#1 1164653913 463830226#0 463830226#1 101411570 282689981#1 -120511301 101411571#0 -47374680#8 -47374680#7 -47374680#6 101746498#0 -101746516#3 -101746516#2 -101746516#1 -101746516#0,4.417815261453754
42,31,-101601559 101601559 659278036#3 101600741#0 101600741#1 101600741#2 101600741#3 101601553#0 101601553#1 -100525438#0 100468681#7 100468681#8 282479126 133906980 133906979 282479125#0 282479125#1 120511930 42762428#1 1164653913 463830226#0 463830226#1 101411570 282689981#1 -120511301 101411571#0 -47374680#8 -47374680#7 -47374680#6 101746498#0 101746498#1 -101746508#1 -101746504 -101746516#0,4.555451496653377
42,31,-101601559 101601559 659278036#3 -100468675#3 100468675#3 101600741#0 101600741#1 101600741#2 101600741#3 101601553#0 101601553#1 -100525438#0 100468681#7 100468681#8 282479126 133906980 133906979 282479125#0 282479125#1 120511930 42762428#1 1164653913 463830226#0 463830226#1 101411570 282689981#1 -120511301 101411571#0 -47374680#8 -47374680#7 -47374680#6 101746498#0 101746498#1 -101746508#1 -101746504 -101746516#0,5.271377867201596
43,9,120511930 42762428#1 42762428#4 1197063689 282479127#0 101611060 -372606529#7 -372606529#6 -372606529#5 -372606529#4,0.9714085634253701
43,9,120511930 42762428#1 42762428#4 1197063689 1164653914 1164659927#1 1164659928 -372606529#8 -372606529#7 -372606529#6 -372606529#5 -372606529#4,0.838875550220088
43,9,120511930 42762428#1 42762428#4 1197063689 282479127#0 101611060 372606529#8 -372606529#8 -372606529#7 -372606529#6 -372606529#5 -372606529#4,1.2728491396558625
44,33,659283000#1 659283000#2 659283000#3 -659283000#3 -659283000#2 -659283000#1 -659283000#0 101611060 372606529#8 1164659929 120512822 -133906979 -133906980 -282479126 -100468681#8 -100468681#7 100525438#0,1.3869438055999934
44,33,659283000#1 659283000#2 659283000#3 -659283000#3 -659283000#2 -659283000#1 -659283000#0 -282479127#2 1164653914 1164659927#1 1164659926 120512822 -133906979 -133906980 -282479126 -100468681#8 -100468681#7 100525438#0,1.2970678552198416
44,33,659283000#1 659283000#2 659283000#3 -659283000#3 -659283000#2 -659283000#1 -659283000#0 -282479127#2 282479127#0 101611060 372606529#8 1164659929 120512822 -133906979 -133906980 -282479126 -100468681#8 -100468681#7 100525438#0,1.7423659744675404
45,5,526439431#0 526439431#1 623959719 619185406 619184994 1164659927#1 1164659926 120512822 -133906979 -133906980 -282479126 -100468681#8 -100468681#7 100525438#0 -101601553#1 -101601553#0 101600741#4 -100468681#2 -100468681#1 -100468681#0,2.702086968696765
45,5,526439431#0 526439431#1 623959719 619185406 619184994 1164659927#1 1164659926 120512822 -133906979 -133906980 -282479126 -100468681#8 -100468681#7 -100468681#6 -100468681#5 -100468681#4 -100468681#3 -100468681#2 -100468681#1 -100468681#0,2.21543438109585
45,5,526439431#0 526439431#1 623959719 619185406 619184994 1164659927#1 1164659928 1164659929 120512822 -133906979 -133906980 -282479126 -100468681#8 -100468681#7 -100468681#6 -100468681#5 -100468681#4 -100468681#3 -100468681#2 -100468681#1 -100468681#0,2.2267589109077752
45,12,526439431#0 526439431#1 623959719 -282689984#1 -282689984#0 -134065887 100475363 282479151#1 100475362 -659278038#3 659278038#3 100475365#0 100475365#1,1.094452006864661
45,12,526439431#0 526439431#1 42762429 -120511142#2 75421017 -282689984#1 -282689984#0 -134065887 100475363 282479151#1 100475362 -659278038#3 659278038#3 100475365#0 100475365#1,1.5039358003820682
45,12,526439431#0 526439431#1 697042776#0 -697042776#1 623959719 -282689984#1 -282689984#0 -134065887 100475363 282479151#1 100475362 -659278038#3 659278038#3 100475365#0 100475365#1,1.1033555682892309
45,73,526439431#0 526439431#1 42762429 1323419246 184568063 76867740 1323419243 120511145 283490977#1 -173532317#3 -173532317#2 -173532317#1 -173532317#0 47374679#0 101754278#0 101754278#1,2.591586757093046
45,73,526439431#0 526439431#1 42762429 1323419246 184568063 76867740 1323419243 120511145 283490977#1 -173532317#3 -173532317#2 -173532317#1 -173532317#0 47374679#0 47374679#1 101754282#1 101754278#1,2.593938568948097
45,73,526439431#0 526439431#1 42762429 1323419246 -100525445 100525445 184568063 1323419245 16648700 1323419243 120511145 283490977#1 -173532317#3 -173532317#2 -173532317#1 -173532317#0 47374679#0 101754278#0 101754278#1,2.869077753491605
46,29,-71324343#4 -463830227 416376585#0 416376585#1 -1164659923 -659283000#0 -282479127#2 1164653914 -619184994,0.6442007328489351
46,29,-71324343#4 -463830227 416376585#0 416376585#1 -1164659923 -659283000#0 -282479127#2 -1197063689 1197063689 1164653914 -619184994,0.6450010529769864
46,29,-71324343#4 71324343#4 101416508#0 -101416509 71324343#3 -463830227 416376585#0 416376585#1 -1164659923 -659283000#0 -282479127#2 1164653914 -619184994,0.9049761589300946
47,12,-101607098#1 101607098#1 101607098#2 -101607965 101607964#1 101607969#0 101607969#1 -100468681#3 -101600741#4 101601553#0 101601553#1 100525438#1 100525438#2 659278038#0 659278038#1 659278038#2 659278038#3 100475365#0 100475365#1,2.4392063953011016
47,12,-101607098#1 101607098#1 101607098#2 -101607965 101607964#1 101607969#0 101607969#1 100468681#4 100468681#5 100468681#6 100525438#0 100525438#1 100525438#2 659278038#0 659278038#1 659278038#2 659278038#3 100475365#0 100475365#1,2.1894483351295877
47,12,-101607098#1 101607098#1 101607098#2 -101607965 101607964#1 101607969#0 101607969#1 100468681#4 100468681#5 100468681#6 100525438#0 100525438#1 100525438#2 659278038#0 659278038#1 101604503 -101604503 659278038#2 659278038#3 100475365#0 100475365#1,2.234540727738179
48,12,101611600 372606529#6 372606529#7 372606529#8 1164659929 120512822 -133906979 -133906980 -282479126 -100468681#8 -100468681#7 100525438#0 100525438#1 100525438#2 659278038#0 659278038#1 659278038#2 659278038#3 100475365#0 100475365#1,1.879089562390831
48,12,101611600 372606529#6 372606529#7 372606529#8 1164659929 120512822 -133906979 -133906980 -282479126 -100468681#8 -100468681#7 100525438#0 100525438#1 100525438#2 -100525438#2 -100525438#1 -101601553#1 101601553#1 -100525438#0 100468681#7 100468681#8 120511932#0 120511932#1 120511932#2 -101604499 100475363 282479151#1 100475362 -659278038#3 659278038#3 100475365#0 100475365#1,4.014188396740986
48,12,101611600 372606529#6 372606529#7 372606529#8 1164659929 120512822 -133906979 -133906980 -282479126 -100468681#8 -100468681#7 100525438#0 100525438#1 -100525438#1 -100525438#0 100468681#7 100468681#8 120511932#0 120511932#1 120511932#2 -101604499 100475363 282479151#1 100475362 -659278038#3 659278038#3 100475365#0 100475365#1,3.076293238677761
48,34,101611600 372606529#6 372606529#7 372606529#8 1164659929 120512822 282479125#0 282479125#1 120511930 -42762428#0 -697042776#1 42762429 1323419246 -100525445 526438862#0 526438862#1 526438862#2 101418589 -1200809291,2.1074787649779263
48,34,101611600 372606529#6 -101611066 101611066 372606529#7 372606529#8 1164659929 120512822 282479125#0 282479125#1 120511930 -42762428#0 -697042776#1 42762429 1323419246 -100525445 526438862#0 526438862#1 526438862#2 101418589 -1200809291,2.2535571963504757
48,34,101611600 372606529#6 372606529#7 372606529#8 1164659929 120512822 282479125#0 282479125#1 120511930 -42762428#0 -697042776#1 42762429 -120511142#2 120511142#2 1323419246 -100525445 526438862#0 526438862#1 526438862#2 101418589 -1200809291,2.2242454716605997
49,5,526438862#0 526438862#1 526438862#2 1200809292 868087112 526439431#0 526439431#1 623959719 619185406 619184994 1164659927#1 1164659926 120512822 -133906979 -133906980 -282479126 -100468681#8 -100468681#7 -100468681#6 -100468681#5 -100468681#4 -100468681#3 -100468681#2 -100468681#1 -100468681#0,2.4899641930206204
49,5,526438862#0 526438862#1 526438862#2 1200809292 868087112 526439431#0 526439431#1 623959719 619185406 619184994 1164659927#1 1164659926 120512822 -133906979 -133906980 -282479126 -100468681#8 -100468681#7 100525438#0 -101601553#1 -101601553#0 101600741#4 -100468681#2 -100468681#1 -100468681#0,2.976616780621535
49,5,526438862#0 526438862#1 526438862#2 1200809292 868087112 526439431#0 526439431#1 623959719 619185406 619184994 1164659927#1 1164659928 1164659929 120512822 -133906979 -133906980 -282479126 -100468681#8 -100468681#7 100525438#0 -101601553#1 -101601553#0 101600741#4 -100468681#2 -100468681#1 -100468681#0,2.9879413104334596
49,76,526438862#0 526438862#1 526438862#2 1200809292 868087112 526439431#0 526439431#1 42762429 1323419246 -416373452 -101418584#4 -101418584#3 -101418584#2 -101418592 100488715#4 120829754,1.405495445118292
49,76,526438862#0 526438862#1 526438862#2 1200809292 868087112 526439431#0 526439431#1 42762429 1323419247 -1323419247 1323419246 -416373452 -101418584#4 -101418584#3 -101418584#2 -101418592 100488715#4 120829754,1.6407695547621497
49,76,526438862#0 526438862#1 526438862#2 1200809292 868087112 526439431#0 526439431#1 42762429 1323419246 -416373452 101418587 -101418587 -101418584#4 -101418584#3 -101418584#2 -101418592 100488715#4 120829754,1.4509238108490334
50,38,101417074 -71324343#7 -71324343#6 -71324343#5 -71324343#4 -71324343#3 -71324343#2 -71324343#1 -71324343#0 463830226#1,0.8354080869208734
50,38,101417074 -71324343#7 -71324343#6 -71324343#5 101416508#0 -101416509 -71324343#2 -71324343#1 -71324343#0 463830226#1,0.8945228487363268
50,38,101417074 -71324343#7 -71324343#6 -71324343#5 101416508#0 101416508#1 -101416507 -101415864#0 -71324343#1 -71324343#0 463830226#1,0.9846470193548981
51,11,71324343#3 -71324343#3 -71324343#2 -71324343#1 -416375814 679068326#3 101411570 282689981#1 -120511301 120509990 71324347#0 71324347#1 71324347#2 71324347#3 101418583 526438862#2,2.448274833212286
51,11,71324343#3 -71324343#3 -71324343#2 -71324343#1 -71324343#0 463830226#1 101411570 282689981#1 -120511301 120509990 71324347#0 71324347#1 71324347#2 71324347#3 101418583 526438862#2,2.4276619516305677
51,11,71324343#3 -71324343#3 -71324343#2 -71324343#1 -71324343#0 71324343#0 -416375814 679068326#3 101411570 282689981#1 352797377 -352797377 -120511301 120509990 71324347#0 71324347#1 71324347#2 71324347#3 101418583 526438862#2,4.899095161343537
52,15,-101411571#0 101411571#0 -47374680#8 -47374680#7 -47374680#6 101746498#0 101746498#1 101746498#2 -101746498#2,1.1445575926554927
52,15,-101411571#0 101411571#0 -47374680#8 -101749451 101749451 -47374680#7 -47374680#6 101746498#0 101746498#1 101746498#2 -101746498#2,1.6735291812909472
52,15,-101411571#0 101411571#0 -47374680#8 -47374680#7 -47374680#6 101746498#0 101746498#1 -101746508#1 101746508#1 101746498#2 -101746498#2,1.3403339305484614
52,23,-101411571#0 120509990 120509991 282689983#0 101418595 526439431#1 42762429 1323419246 184568063 76867740 1323419243 -162276533#2 -162276533#1 -162276533#0 -1323419242#1 -1323419242#0 -162276528 162276631 416409191#0 -416409191#0,3.346096759104676
52,23,-101411571#0 120509990 120509991 282689983#0 101418595 526439431#1 42762429 1323419246 184568063 1323419245 16648700 1323419243 -162276533#2 -162276533#1 -162276533#0 -1323419242#1 -1323419242#0 -162276528 162276631 416409191#0 -416409191#0,3.312903481793752
52,23,-101411571#0 120509990 71324347#0 71324347#1 71324347#2 71324347#3 71324347#4 71324347#5 47374666 -42762427 16648700 1323419243 -162276533#2 -162276533#1 -162276533#0 -1323419242#1 -1323419242#0 -162276528 162276631 416409191#0 -416409191#0,2.9171349074673874
53,12,-101749462 101749462 282689981#1 -120511301 120509990 120509991 282689983#0 101418595 526439431#1 623959719 -282689984#1 -282689984#0 -134065887 100475363 282479151#1 100475362 -659278038#3 659278038#3 100475365#0 100475365#1,2.473121602852804
53,12,-101749462 101749462 282689981#1 -120511301 101411571#0 -101411571#0 120509990 120509991 282689983#0 101418595 526439431#1 623959719 -282689984#1 -282689984#0 -134065887 100475363 282479151#1 100475362 -659278038#3 659278038#3 100475365#0 100475365#1,2.473601564455876
53,12,-101749462 101749462 282689981#1 -120511301 120509990 120509991 282689983#0 101418595 526439431#1 623959719 -282689984#1 -282689984#0 -134065887 100475363 282479151#1 100475362 -659278038#3 -659278038#2 659278038#2 659278038#3 100475365#0 100475365#1,2.652873503613108
54,23,-42762428#3 -42762428#0 -697042776#1 42762429 1323419246 184568063 76867740 1323419243 -162276533#2 -162276533#1 -162276533#0 -1323419242#1 -1323419242#0 -162276528 162276631 416409191#0 -416409191#0,3.1456599249037533
54,23,-42762428#3 -42762428#0 -697042776#1 42762429 1323419246 184568063 1323419245 16648700 1323419243 -162276533#2 -162276533#1 -162276533#0 -1323419242#1 -1323419242#0 -162276528 162276631 416409191#0 -416409191#0,3.1124666475928287
54,23,-42762428#3 -42762428#0 -697042776#1 42762429 -120511142#2 120511142#2 1323419246 184568063 76867740 1323419243 -162276533#2 -162276533#1 -162276533#0 -1323419242#1 -1323419242#0 -162276528 162276631 416409191#0 -416409191#0,3.2624266315864263
54,39,-42762428#3 42762428#1 1164653913 463830226#0 463830226#1 101411570 282689981#1 -120511301 101411571#0 -47374680#8 -47374680#7 -47374680#6 -47374680#5 47374664 -47374664,2.5462395037208543
54,39,-42762428#3 42762428#1 42762428#4 71324344 463830226#0 463830226#1 101411570 282689981#1 -120511301 101411571#0 -47374680#8 -47374680#7 -47374680#6 -47374680#5 47374664 -47374664,2.554798737349511
54,39,-42762428#3 42762428#1 1164653913 463830226#0 463830226#1 -679068326#3 679068326#3 101411570 -101749462 101749462 282689981#1 -120511301 101411571#0 -47374680#8 -47374680#7 -47374680#6 -47374680#5 47374664 -47374664,3.611865754221055
55,40,71324347#5 -47374665#1 47374680#4 47374680#5 47374680#6 47374680#7 47374680#8 -101411571#0 120511301 352797377 -282689986 -224715833 -224715836 -101749453 -1006827381 101417074 71324343#8 71324343#9 71324343#11 659283000#7 659283000#8 659283000#9 659283000#11 1047412915 1047412911 1047412914 1047412913 -1047412913,4.288739592386929
55,40,71324347#5 -47374665#1 47374680#4 47374680#5 47374680#6 47374680#7 47374680#8 -101411571#0 120511301 -282689981#1 -282689981#0 -679068326#3 -679068326#2 -679068326#1 -679068326#0 -1006827381 101417074 71324343#8 71324343#9 71324343#11 659283000#7 659283000#8 659283000#9 659283000#11 1047412915 1047412911 1047412914 1047412913 -1047412913,3.5300683773206285
55,40,71324347#5 -47374665#1 47374680#4 47374680#5 47374680#6 47374680#7 47374680#8 -47374680#8 -101749451 101749451 -47374680#7 -47374680#6 -47374680#5 47374664 -47374664 -47374680#4 47374665#0 47374666 659281081#0 659281081#1 526438862#0 526438862#1 526438862#2 1200809292 868087112 526439431#0 526439431#1 687927789#0 416428068 697042776#2 42762428#1 42762428#4 1197063689 282479127#0 659283000#0 659283000#1 659283000#2 659283000#3 659283000#4 659283000#6 659283000#7 659283000#8 659283000#9 659283000#11 1047412915 1047412911 1047412914 1047412913 -1047412913,6.785815234697451
55,44,71324347#5 47374666 659281081#0 659281081#1 526438862#0 526438862#1 526438862#2 1200809292 868087112 526439431#0 526439431#1 687927789#0 416428068,1.25543435850963
55,44,71324347#5 47374666 659281081#0 659281081#1 526438862#0 526438862#1 526438862#2 1200809292 868087112 526439431#0 526439431#1 697042776#0 -697042776#1 687927789#0 416428068,1.2643379199341997
55,44,71324347#5 -47374665#1 47374680#4 47374680#5 47374680#6 47374680#7 47374680#8 -101411571#0 120509990 120509991 282689983#0 282689983#1 71324342 416428068,1.8723573591480607
56,34,101611060 372606529#8 1164659929 120512822 282479125#0 282479125#1 120511930 -42762428#0 -697042776#1 42762429 1323419246 -100525445 526438862#0 526438862#1 526438862#2 101418589 -1200809291,2.26107507751302
56,34,101611060 372606529#8 1164659929 120512822 282479125#0 282479125#1 120511930 -42762428#0 -697042776#1 42762429 1323419246 -416373452 416373452 -100525445 526438862#0 526438862#1 526438862#2 101418589 -1200809291,2.3987520633541526
56,34,101611060 372606529#8 1164659929 120512822 282479125#0 282479125#1 120511930 -42762428#0 -697042776#1 42762429 -120511142#2 120511142#2 1323419246 -100525445 526438862#0 526438862#1 526438862#2 101418589 -1200809291,2.377841784195693
57,41,-101415865#0 -47374680#1 -47374680#0 -283490977#0 -162276533#2 100488715#0 100488715#1 100488715#2 100488715#3 100488715#4 100488715#5 100488715#6 100488715#7 100488714 282479151#6 282479151#7 282479151#1 100475362 -659278038#3 -659278038#2 -659278038#1 -659278038#0 -100525438#2,3.5228234130225173
57,41,-101415865#0 -47374680#1 -47374680#0 -283490977#0 -162276533#2 100488715#0 100488715#1 100488715#2 100488715#3 100488715#4 100488715#5 101605219 100488715#7 100488714 282479151#6 282479151#7 282479151#1 100475362 -659278038#3 -659278038#2 -659278038#1 -659278038#0 -100525438#2,3.614745984787004
57,41,-101415865#0 -47374680#1 -47374680#0 283490977#1 -283490977#1 -283490977#0 -162276533#2 100488715#0 100488715#1 100488715#2 100488715#3 100488715#4 100488715#5 100488715#6 100488715#7 100488714 282479151#6 282479151#7 282479151#1 100475362 -659278038#3 -659278038#2 -659278038#1 -659278038#0 -100525438#2,3.7903660096147904
58,42,-100525438#2 -100525438#1 -100525438#0 100468681#7 100468681#8 282479126 133906980 133906979 282479125#0 282479125#1 120511930 -42762428#0 -697042776#1 42762429 1323419246 184568063 76867740 1323419243 120511145 47374680#0 101749458#0 101749458#1 -101415865#0,3.2172161593218997
58,42,-100525438#2 -100525438#1 -100525438#0 100468681#7 100468681#8 282479126 133906980 133906979 282479125#0 282479125#1 120511930 -42762428#0 -697042776#1 42762429 1323419246 184568063 76867740 1323419243 120511145 47374680#0 47374680#1 101415865#0 -101415865#0,4.000600758661996
58,42,-100525438#2 -100525438#1 -100525438#0 100468681#7 100468681#8 282479126 133906980 133906979 282479125#0 282479125#1 120511930 -42762428#0 -697042776#1 42762429 1323419247 -1323419247 1323419246 184568063 76867740 1323419243 120511145 47374680#0 101749458#0 101749458#1 -101415865#0,3.452490268965757
59,5,-101418584#1 -101418584#0 101418584#0 101418584#1 -101418592 100488715#4 100488715#5 101605219 100488715#7 100488714 282479151#6 282479151#7 282479151#1 100475362 -659278038#3 -659278038#2 -659278038#1 -659278038#0 -100525438#2 -100525438#1 -101601553#1 -101601553#0 101600741#4 -100468681#2 -100468681#1 -100468681#0,4.414944898045611
59,5,-101418584#1 -101418584#0 101418584#0 101418584#1 -101418592 100488715#4 100488715#5 100488715#6 100488715#7 100488714 282479151#6 282479151#7 282479151#1 100475362 -659278038#3 -659278038#2 -659278038#1 -659278038#0 -100525438#2 -100525438#1 -101601553#1 -101601553#0 101600741#4 -100468681#2 -100468681#1 -100468681#0,4.323022326281125
59,5,-101418584#1 -101418584#0 101418584#0 101418584#1 -101418592 100488715#4 100488715#5 101605219 100488715#7 -100488715#7 -100488715#6 100488715#6 -101605219 -100488715#5 120829754 -120829754 -100488715#4 101418592 101418584#2 101418584#3 101418584#4 101418587 464265154 120511142#1 75421017 619185406 619184994 1164659927#1 1164659926 120512822 -133906979 -133906980 -282479126 -100468681#8 -100468681#7 100525438#0 -101601553#1 -101601553#0 101600741#4 -100468681#2 -100468681#1 -100468681#0,8.691021095055898
60,9,71223791#0 416376586 71324343#0 71324343#1 71324343#2 71324343#3 -463830227 416376585#0 416376585#1 -1164659923 -659283000#0 101611060 -372606529#7 -372606529#6 -372606529#5 -372606529#4,1.3717894789305212
60,9,71223791#0 71223791#1 -679068326#3 416375814 71324343#1 71324343#2 71324343#3 -463830227 416376585#0 416376585#1 -1164659923 -659283000#0 101611060 -372606529#7 -372606529#6 -372606529#5 -372606529#4,1.693865235078913
60,9,71223791#0 416376586 71324343#0 71324343#1 71324343#2 71324343#3 -463830227 416376585#0 416376585#1 -1164659923 -659283000#0 101611060 -372606529#7 -372606529#6 -101611600 101611600 -372606529#5 -372606529#4,1.5500232202312172
61,44,-71223800#7 -71223800#6 71223800#6 71223800#7 1006827381 101749453 224715836 224715833 282689986 -352797377 -120511301 120509990 120509991 282689983#0 282689983#1 71324342 416428068,2.691744053024144
61,44,-71223800#7 -71223800#6 71223800#6 71223800#7 1006827381 101749453 224715836 224715833 282689986 -352797377 -120511301 120509990 120509991 282689983#0 101418595 526439431#1 687927789#0 416428068,2.9441199637916187
61,44,-71223800#7 -71223800#6 71223800#6 71223800#7 1006827381 679068326#0 679068326#1 679068326#2 679068326#3 101411570 282689981#1 -120511301 120509990 120509991 282689983#0 282689983#1 71324342 416428068,1.9388744674649383
62,5,120509991 282689983#0 101418595 526439431#1 623959719 619185406 619184994 1164659927#1 1164659926 120512822 -133906979 -133906980 -282479126 -100468681#8 -100468681#7 -100468681#6 -100468681#5 -100468681#4 -100468681#3 -100468681#2 -100468681#1 -100468681#0,2.3590428107888215
62,5,120509991 282689983#0 101418595 526439431#1 623959719 619185406 619184994 1164659927#1 1164659926 120512822 -133906979 -133906980 -282479126 -100468681#8 -100468681#7 100525438#0 -101601553#1 -101601553#0 101600741#4 -100468681#2 -100468681#1 -100468681#0,2.8456953983897364
62,5,120509991 282689983#0 101418595 526439431#1 623959719 619185406 619184994 1164659927#1 1164659928 1164659929 120512822 -133906979 -133906980 -282479126 -100468681#8 -100468681#7 -100468681#6 -100468681#5 -100468681#4 -100468681#3 -100468681#2 -100468681#1 -100468681#0,2.3703673406007466
62,59,120509991 282689983#0 101418595 526439431#1 42762429 1323419246 184568063 76867740 1323419243 120511145 283490977#1 120511144#0 120511144#1 120511144#2 -120511144#2,2.5383509343262145
62,59,120509991 282689983#0 101418595 526439431#1 42762429 1323419246 -416373452 416373452 184568063 76867740 1323419243 120511145 283490977#1 120511144#0 120511144#1 120511144#2 -120511144#2,2.676027920167347
62,59,120509991 282689983#0 101418595 526439431#1 42762429 1323419246 -100525445 100525445 184568063 1323419245 16648700 1323419243 120511145 283490977#1 120511144#0 120511144#1 120511144#2 -120511144#2,2.8158419307247735
63,44,-1006827381 1006827381 101749453 224715836 224715833 282689986 -352797377 -120511301 120509990 120509991 282689983#0 282689983#1 71324342 416428068,2.472222899238889
63,44,-1006827381 1006827381 101749453 224715836 224715833 282689986 -352797377 -120511301 120509990 120509991 282689983#0 101418595 526439431#1 687927789#0 416428068,2.7245988100063636
63,44,-1006827381 1006827381 101749453 224715836 224715833 282689986 -352797377 -120511301 101411571#0 -101411571#0 120509990 120509991 282689983#0 282689983#1 71324342 416428068,2.4727028608419612
64,29,-416375813 71223800#5 71223800#6 71223800#7 101417074 -71324343#7 -71324343#6 -71324343#5 -71324343#4 -463830227 416376585#0 416376585#1 -1164659923 -659283000#0 -282479127#2 1164653914 -619184994,1.2799741364036847
64,29,-416375813 71223800#5 71223800#6 71223800#7 101417074 71324343#8 71324343#9 71324343#11 -659283000#6 -659283000#5 -659283000#3 -659283000#2 -659283000#1 -659283000#0 -282479127#2 1164653914 -619184994,1.1625266246416006
64,29,-416375813 71223800#5 71223800#6 71223800#7 101417074 71324343#8 71324343#9 71324343#11 -659283000#6 -659283000#5 -659283000#3 -659283000#2 -659283000#1 1164659923 -1164659923 -659283000#0 -282479127#2 1164653914 -619184994,1.1630065862446723
64,84,-416375813 71223800#5 71223800#6 71223800#7 1006827381 101749453 224715836 224715833 282689986 -352797377 -120511301 101411571#0 -47374680#8 -47374680#7 -47374680#6 101746498#0 101746498#1 101746498#2 -101746514 101749449#1 101415865#1 101415865#2 173532317#2 -101786553#2 -101786553#1 -101787498 -479315694 -101767922,5.481687780824736
64,84,-416375813 71223800#5 71223800#6 71223800#7 1006827381 679068326#0 679068326#1 679068326#2 679068326#3 101411570 282689981#1 -120511301 101411571#0 -47374680#8 -47374680#7 -47374680#6 101746498#0 101746498#1 101746498#2 -101746514 101749449#1 101415865#1 101415865#2 173532317#2 -101786553#2 -101786553#1 -101787498 336860316#0 -336860316#0 -479315694 -101767922,5.377197547006226
64,84,-416375813 71223800#5 71223800#6 71223800#7 1006827381 101749453 224715836 224715833 282689986 -352797377 -120511301 101411571#0 -47374680#8 -47374680#7 -47374680#6 101746498#0 101746498#1 -101746508#1 101746508#1 101746498#2 -101746514 101749449#1 101415865#1 101415865#2 173532317#2 -101786553#2 -101786553#1 -101787498 -479315694 -101767922,5.6774641187177055
65,44,-71324343#5 -71324343#4 -463830227 416376585#0 416376585#1 -1164659923 -659283000#0 -282479127#2 1164653914 -619184994 619184994 1164659927#1 1164659926 120512822 282479125#0 282479125#1 120511930 -42762428#0 -697042776#1 687927789#0 416428068,2.3335032789213597
65,44,-71324343#5 -71324343#4 -463830227 416376585#0 416376585#1 -1164659923 -659283000#0 -282479127#2 -1197063689 -42762428#4 -42762428#3 -42762428#0 -697042776#1 687927789#0 416428068,1.0595336910862256
65,44,-71324343#5 -71324343#4 -463830227 416376585#0 416376585#1 -1164659923 -659283000#0 -282479127#2 1164653914 -619184994 120511930 -42762428#0 -697042776#1 687927789#0 416428068,1.3471287291014318
66,3,-101601551 101601551 101600741#3 101601553#0 101601553#1 100525438#1 100525438#2 659278038#0 659278038#1 659278038#2 659278038#3 100475365#0 100475365#1 282479151#3 282479151#4 100488713 -100488715#7 -101605219 -100488715#5 -100488715#4 -100488715#3 101605951#0 101605951#1 -101606546 101606547#1,2.9732595269929427
66,3,-101601551 101601551 101600741#3 101601553#0 101601553#1 100525438#1 100525438#2 659278038#0 659278038#1 659278038#2 659278038#3 100475365#0 100475365#1 282479151#3 282479151#4 100488713 -100488715#7 -101605219 -100488715#5 120829754 -101605951#4 -101605951#3 -101605951#2 -101606546 101606547#1,3.690862185730765
66,3,-101601551 101601551 101600741#3 101601553#0 101601553#1 100525438#1 100525438#2 659278038#0 659278038#1 659278038#2 659278038#3 100475365#0 100475365#1 282479151#3 282479151#4 100488713 -100488715#7 -100488715#6 -100488715#5 120829754 -101605951#4 -101605951#3 -101605951#2 -101606546 101606547#1,3.585760706694226
66,45,-101601551 101601551 101600741#3 101601553#0 101601553#1 -100525438#0 100468681#7 100468681#8 282479126 133906980 133906979 282479125#0 282479125#1 120511930 -42762428#0 -697042776#1 42762429 1323419246 184568063 76867740 1323419243 120511145 47374680#0 101749458#0 101749458#1 -101749449#1 101746514 -101746498#2 -101746508#1 -101746508#0,4.715763843334309
66,45,-101601551 101601551 101600741#3 101601553#0 101601553#1 -100525438#0 100468681#7 100468681#8 282479126 133906980 133906979 282479125#0 282479125#1 120511930 42762428#1 42762428#4 71324344 463830226#0 463830226#1 101411570 282689981#1 -120511301 101411571#0 -47374680#8 -47374680#7 -47374680#6 101746498#0 101746498#1 -101746508#1 -101746508#0,3.8684800197976954
66,45,-101601551 101601551 101600741#3 101601553#0 101601553#1 -100525438#0 100468681#7 100468681#8 282479126 133906980 133906979 282479125#0 282479125#1 120511930 42762428#1 1164653913 463830226#0 -416376586 71223791#1 101411570 282689981#1 -120511301 101411571#0 -47374680#8 -47374680#7 -47374680#6 101746498#0 101746498#1 -101746508#1 -101746508#0,4.31254553657316
67,12,-416409191#0 -162276631 162276528 1323419242#0 1323419242#1 162276533#0 162276533#1 100488715#0 100488715#1 100488715#2 100488715#3 100488715#4 100488715#5 101605219 100488715#7 100488714 282479151#6 282479151#7 282479151#1 100475362 -659278038#3 659278038#3 100475365#0 100475365#1,3.168357989010606
67,12,-416409191#0 -162276631 162276528 1323419242#0 1323419242#1 162276533#0 162276533#1 100488715#0 100488715#1 100488715#2 100488715#3 100488715#4 100488715#5 100488715#6 100488715#7 100488714 282479151#6 282479151#7 282479151#1 100475362 -659278038#3 659278038#3 100475365#0 100475365#1,3.0764354172461195
67,12,-416409191#0 -162276631 162276528 1323419242#0 1323419242#1 162276533#0 162276533#1 100488715#0 100488715#1 100488715#2 100488715#3 100488715#4 100488715#5 100488715#6 -100488715#6 101605219 100488715#7 100488714 282479151#6 282479151#7 282479151#1 100475362 -659278038#3 659278038#3 100475365#0 100475365#1,3.777081478406365
68,46,101606547#1 -101606547#1 101606546 101605951#2 101605951#3 101605951#4 -120829754 100488715#5 100488715#6 100488715#7 100488714 282479151#6 282479151#7 282479151#1 100475362 -659278038#3 -659278038#2 -659278038#1 -659278038#0 -100525438#2 -100525438#1 -101601553#1 -101601553#0 -101600741#3 -101601551,3.351689514367727
68,46,101606547#1 -101606547#1 101606546 101605951#2 101605951#3 101605951#4 -120829754 100488715#5 101605219 100488715#7 100488714 282479151#6 282479151#7 282479151#1 100475362 -659278038#3 -659278038#2 -659278038#1 -659278038#0 -100525438#2 -100525438#1 -101601553#1 -101601553#0 -101600741#3 -101601551,3.443612086132214
68,46,101606547#1 -101606547#1 101606546 -101605951#1 -101605951#0 100488715#3 100488715#4 100488715#5 101605219 100488715#7 100488714 282479151#6 282479151#7 282479151#1 100475362 -659278038#3 -659278038#2 -659278038#1 -659278038#0 -100525438#2 -100525438#1 -101601553#1 -101601553#0 -101600741#3 -101601551,2.728495516277065
68,70,101606547#1 -101606547#1 101606546 101605951#2 101605951#3 101605951#4 -120829754 100488715#5 101605219 100488715#7 100488714 282479151#6 282479151#7 282479151#1 100475362 -659278038#3 -659278038#2 -659278038#1 -659278038#0 -100525438#2 -101604496#1 -101604502 -101604518,2.7092542825356136
68,70,101606547#1 -101606547#1 101606546 -101605951#1 -101605951#0 100488715#3 100488715#4 100488715#5 100488715#6 100488715#7 100488714 282479151#6 282479151#7 282479151#1 100475362 -659278038#3 -659278038#2 -659278038#1 -659278038#0 -100525438#2 -101604496#1 -101604502 -101604518,1.9022151409159775
68,70,101606547#1 -101606547#1 101606546 -101605951#1 -101605951#0 100488715#3 100488715#4 100488715#5 101605219 100488715#7 100488714 282479151#6 282479151#7 282479151#1 100475362 -659278038#3 -659278038#2 -659278038#1 -659278038#0 -100525438#2 -101604496#1 -101604502 -101604518,1.9941377126804647
69,31,-101746498#2 -101746508#1 101746508#1 -101746498#1 -101746516#3 -101746516#2 -101746516#1 -101746516#0,0.9104021882331046
69,31,-101746498#2 -101746508#1 -101746504 -101746516#0,0.6013617253957019
69,31,-101746498#2 -101746508#1 -101746508#0 101746508#0 -101746504 -101746516#0,0.8732359754556972
69,47,-101746498#2 -101746498#1 -101746498#0 47374680#6 47374680#7 47374680#8 -101411571#0 120509990,1.1433372196970941
69,47,-101746498#2 -101746498#1 -101746498#0 -47374680#5 47374680#5 47374680#6 47374680#7 47374680#8 -101411571#0 120509990,1.4833332180964538
69,47,-101746498#2 -101746498#1 -101746498#0 47374680#6 47374680#7 47374680#8 101411571#1 -101411571#1 -101411571#0 120509990,1.149384735895798
69,70,-101746498#2 -101746498#1 -101746498#0 47374680#6 47374680#7 47374680#8 -101411571#0 120509990 120509991 282689983#0 101418595 526439431#1 623959719 -282689984#1 -282689984#0 -134065887 100475363 282479151#1 100475362 -659278038#3 -659278038#2 -659278038#1 -659278038#0 -100525438#2 -101604496#1 -101604502 -101604518,2.7327496873479413
69,70,-101746498#2 -101746498#1 -101746498#0 47374680#6 47374680#7 47374680#8 -101411571#0 120509990 120509991 282689983#0 101418595 526439431#1 623959719 619185406 619184994 1164659927#1 1164659926 120512822 -133906979 -133906980 -282479126 -100468681#8 -100468681#7 100525438#0 100525438#1 -101604496#1 -101604502 -101604518,3.538070390143098
69,70,-101746498#2 -101746498#1 -101746498#0 47374680#6 47374680#7 47374680#8 -101411571#0 120509990 120509991 282689983#0 282689983#1 71324342 416428068 -697042776#1 623959719 -282689984#1 -282689984#0 -134065887 100475363 282479151#1 100475362 -659278038#3 -659278038#2 -659278038#1 -659278038#0 -100525438#2 -101604496#1 -101604502 -101604518,2.606973790236037
70,29,-101601553#1 101601553#1 -100525438#0 100468681#7 100468681#8 282479126 133906980 133906979 282479125#0 282479125#1 619184994 -619184994,1.7388372051484378
70,29,-101601553#1 -101601553#0 101601553#0 101601553#1 -100525438#0 100468681#7 100468681#8 282479126 133906980 133906979 282479125#0 282479125#1 619184994 -619184994,1.886776380818706
70,29,-101601553#1 101601553#1 -100525438#0 100468681#7 100468681#8 282479126 133906980 133906979 282479125#0 101594830 -101594830 282479125#1 619184994 -619184994,2.285295788581811
71,12,71324347#1 71324347#2 71324347#3 101418583 526438862#2 1200809292 868087112 526439431#0 526439431#1 623959719 -282689984#1 -282689984#0 -134065887 100475363 282479151#1 100475362 -659278038#3 659278038#3 100475365#0 100475365#1,2.0325266252012044
71,12,71324347#1 71324347#2 71324347#3 101418583 526438862#2 1200809292 868087112 526439431#0 526439431#1 623959719 -282689984#1 -282689984#0 -134065887 100475363 282479151#1 100475362 -659278038#3 -659278038#2 659278038#2 659278038#3 100475365#0 100475365#1,2.2122785259615085
71,12,71324347#1 71324347#2 71324347#3 101418583 526438862#2 1200809292 868087112 526439431#0 526439431#1 42762429 -120511142#2 75421017 -282689984#1 -282689984#0 -134065887 100475363 282479151#1 100475362 -659278038#3 659278038#3 100475365#0 100475365#1,2.4420104187186116
72,9,-101746516#2 101746516#2 101746516#3 -101746498#0 47374680#6 47374680#7 47374680#8 -101411571#0 120509990 120509991 282689983#0 101418595 526439431#1 623959719 619185406 619184994 1164659927#1 1164659928 -372606529#8 -372606529#7 -372606529#6 -372606529#5 -372606529#4,2.168864205149302
72,9,-101746516#2 101746516#2 101746516#3 -101746498#0 47374680#6 47374680#7 47374680#8 -101411571#0 120509990 120509991 282689983#0 282689983#1 71324342 416428068 697042776#2 42762428#1 42762428#4 1197063689 282479127#0 101611060 -372606529#7 -372606529#6 -372606529#5 -372606529#4,2.0184384480934203
72,9,-101746516#2 101746516#2 101746516#3 101746498#1 -101746498#1 -101746498#0 47374680#6 47374680#7 47374680#8 -101411571#0 120509990 120509991 282689983#0 101418595 526439431#1 623959719 619185406 619184994 1164659927#1 1164659928 -372606529#8 -372606529#7 -372606529#6 -372606529#5 -372606529#4,2.4197645652933595
73,49,1164653913 463830226#0 463830226#1 101411570 282689981#1 -120511301 120509990 120509991 282689983#0 101418595 526439431#1 42762429 1323419246 -100525445 526438862#0 526438862#1,2.3869926948461164
73,49,1164653913 463830226#0 -416376586 71223791#1 101411570 282689981#1 -120511301 120509990 120509991 282689983#0 101418595 526439431#1 42762429 1323419246 -100525445 526438862#0 526438862#1,2.839617445250238
73,49,1164653913 463830226#0 463830226#1 101411570 282689981#1 -120511301 120509990 120509991 282689983#0 101418595 526439431#1 42762429 -120511142#2 120511142#2 1323419246 -100525445 526438862#0 526438862#1,2.5037594015287894
74,50,71324347#3 71324347#4 71324347#5 47374666 659281081#0 659281081#1 100525445 -416373452 -101418584#4 -101418584#3 -101418584#2 -101418584#1 -101418584#0,1.9412492858655548
74,50,71324347#3 71324347#4 71324347#5 47374666 659281081#0 659281081#1 100525445 -416373452 416373452 -100525445 526438862#0 526438862#1 526438862#2 1200809292 868087112 526439431#0 526439431#1 42762429 1323419246 184568063 76867740 1323419243 -162276533#2 100488715#0 100488715#1 100488715#2 100488715#3 101418592 -101418584#1 -101418584#0,5.389379380235915
74,50,71324347#3 101418583 526438862#2 1200809292 868087112 526439431#0 526439431#1 42762429 1323419246 -416373452 -101418584#4 -101418584#3 -101418584#2 -101418584#1 -101418584#0,2.404642089029986
75,52,-101415864#1 101415864#1 679068326#2 679068326#3 101411570 282689981#1 -120511301 120509990 120509991 282689983#0 101418595 526439431#1 42762429 1323419247 -1323419247,2.1583640655686316
75,52,-101415864#1 -101415864#0 -71324343#1 -416375814 679068326#3 101411570 282689981#1 -120511301 120509990 120509991 282689983#0 101418595 526439431#1 42762429 1323419247 -1323419247,2.294470444765379
75,52,-101415864#1 101415864#1 679068326#2 679068326#3 101411570 -101749462 101749462 282689981#1 -120511301 120509990 120509991 282689983#0 101418595 526439431#1 42762429 1323419247 -1323419247,2.6659470987819165
75,54,-101415864#1 -101415864#0 71324343#2 71324343#3 -463830227 416376585#0 416376585#1 -1164659923 -659283000#0 101611060 372606529#8 1164659929 120512822 -133906979 -133906980 -282479126 -100468681#8 -100468681#7 100525438#0 100525438#1 100525438#2 659278036#0 -416412034,2.183373277316686
75,54,-101415864#1 -101415864#0 71324343#2 71324343#3 -463830227 416376585#0 416376585#1 -1164659923 -659283000#0 101611060 372606529#8 1164659929 120512822 -133906979 -133906980 -282479126 -100468681#8 -100468681#7 100525438#0 100525438#1 100525438#2 659278038#0 -659278038#0 659278036#0 -416412034,2.2847338215343735
75,54,-101415864#1 -101415864#0 71324343#2 101416509 -101416509 71324343#3 -463830227 416376585#0 416376585#1 -1164659923 -659283000#0 101611060 372606529#8 1164659929 120512822 -133906979 -133906980 -282479126 -100468681#8 -100468681#7 100525438#0 100525438#1 100525438#2 659278036#0 -416412034,2.3911966514467555
76,12,71223791#1 101411570 282689981#1 -120511301 120509990 120509991 282689983#0 101418595 526439431#1 623959719 -282689984#1 -282689984#0 -134065887 100475363 282479151#1 100475362 -659278038#3 659278038#3 100475365#0 100475365#1,2.4580911702333923
76,12,71223791#1 101411570 282689981#1 -120511301 120509990 120509991 282689983#0 101418595 526439431#1 623959719 -282689984#1 -282689984#0 -134065887 100475363 282479151#1 100475362 -659278038#3 -659278038#2 659278038#2 659278038#3 100475365#0 100475365#1,2.6378430709936964
76,12,71223791#1 101411570 282689981#1 352797377 -352797377 -120511301 120509990 120509991 282689983#0 101418595 526439431#1 623959719 -282689984#1 -282689984#0 -134065887 100475363 282479151#1 100475362 -659278038#3 659278038#3 100475365#0 100475365#1,4.423977524775209
77,34,-679068326#3 679068326#3 101411570 282689981#1 -120511301 120509990 71324347#0 71324347#1 71324347#2 71324347#3 101418583 526438862#2 101418589 -1200809291,2.3896173812844435
77,34,-679068326#3 679068326#3 101411570 282689981#1 352797377 -352797377 -120511301 120509990 71324347#0 71324347#1 71324347#2 71324347#3 101418583 526438862#2 101418589 -1200809291,4.35550373582626
77,34,-679068326#3 679068326#3 101411570 -101749462 101749462 282689981#1 -120511301 120509990 71324347#0 71324347#1 71324347#2 71324347#3 101418583 526438862#2 101418589 -1200809291,2.8972004144977292
78,44,-101746498#0 47374680#6 47374680#7 47374680#8 -101411571#0 120509990 120509991 282689983#0 282689983#1 71324342 416428068,0.9177556263686182
78,44,-101746498#0 47374680#6 47374680#7 47374680#8 -101411571#0 120509990 120509991 282689983#0 101418595 526439431#1 687927789#0 416428068,1.1701315371360927
78,44,-101746498#0 -47374680#5 47374680#5 47374680#6 47374680#7 47374680#8 -101411571#0 120509990 120509991 282689983#0 282689983#1 71324342 416428068,1.2577516247679776
78,63,-101746498#0 47374680#6 47374680#7 47374680#8 -101411571#0 120509990 120509991 282689983#0 101418595 526439431#1 623959719 619185406 619184994 1164659927#1 1164659926 120512822 -133906979 -133906980 -282479126 -100468681#8 -100468681#7 100525438#0 -101601553#1 -101601553#0 -101600741#3 -101600741#2,3.054160886816929
78,63,-101746498#0 47374680#6 47374680#7 47374680#8 -101411571#0 120509990 120509991 282689983#0 101418595 526439431#1 623959719 619185406 619184994 1164659927#1 1164659928 1164659929 120512822 -133906979 -133906980 -282479126 -100468681#8 -100468681#7 100525438#0 -101601553#1 -101601553#0 -101600741#3 -101600741#2,3.0654854166288543
78,63,-101746498#0 47374680#6 47374680#7 47374680#8 -101411571#0 120509990 120509991 282689983#0 101418595 526439431#1 623959719 619185406 619184994 1164659927#1 1164659926 120512822 -133906979 -133906980 -282479126 -100468681#8 -100468681#7 100525438#0 -101601553#1 -101601553#0 101601553#0 -101601557 101601557 101601553#1 100525438#1 -100525438#1 -100525438#0 -100468681#6 -100468681#5 -100468681#4 -100468681#3 -101600741#4 -101600741#3 -101600741#2,4.642282182851542
79,1,463830226#1 101411570 282689981#1 -120511301 120509990 120509991 282689983#0 101418595 526439431#1 42762429 1323419246 -416373452 101418587 464265154,2.08128635183375
79,1,463830226#1 101411570 -101749462 101749462 282689981#1 -120511301 120509990 120509991 282689983#0 101418595 526439431#1 42762429 1323419246 -416373452 101418587 464265154,2.588869385047035
79,1,463830226#1 101411570 282689981#1 352797377 -352797377 -120511301 120509990 120509991 282689983#0 101418595 526439431#1 42762429 1323419246 -416373452 101418587 464265154,4.047172706375567
80,12,-101765339#0 101765339#0 101765339#1 101754276#0 -416382004 101765339#6 173532317#1 173532317#2 173532317#3 -283490977#1 -283490977#0 -162276533#2 100488715#0 100488715#1 100488715#2 100488715#3 100488715#4 100488715#5 101605219 100488715#7 100488714 282479151#6 282479151#7 282479151#1 100475362 -659278038#3 659278038#3 100475365#0 100475365#1,4.0135936015875044
80,12,-101765339#0 101765339#0 101765339#1 101754276#0 -416382004 101765339#6 173532317#1 173532317#2 173532317#3 -283490977#1 -283490977#0 -162276533#2 100488715#0 100488715#1 100488715#2 100488715#3 100488715#4 100488715#5 100488715#6 100488715#7 100488714 282479151#6 282479151#7 282479151#1 100475362 -659278038#3 659278038#3 100475365#0 100475365#1,3.9216710298230177
80,12,-101765339#0 101765339#0 101765339#1 101754276#0 -416382004 101765339#6 173532317#1 173532317#2 173532317#3 -283490977#1 -283490977#0 -162276533#2 162276533#2 120511145 47374680#0 -47374680#0 283490977#1 -173532317#3 -101786553#2 101786553#2 -173532317#2 -101415865#2 -101415865#1 -101415865#0 -47374680#1 101749458#0 -101749458#0 47374680#1 47374680#2 47374680#3 47374665#0 47374666 659281081#0 659281081#1 100525445 -416373452 101418587 464265154 120511142#1 75421017 -282689984#1 -282689984#0 -134065887 100475363 282479151#1 100475362 -659278038#3 659278038#3 100475365#0 100475365#1,8.600183264048924
80,53,-101765339#0 101765339#0 101765339#1 101754276#0 -416382004 101765339#6 173532317#1 -101415865#2 -101415865#1 -101749449#1 101746514 -101746498#2 -101746498#1 -101746498#0 47374680#6 47374680#7 47374680#8 -101411571#0 120511301 -282689981#1 -282689981#0 -679068326#3 416375814 71324343#1 71324343#2 71324343#3,4.256715630816762
80,53,-101765339#0 101765339#0 101765339#1 101754276#0 -416382004 101765339#6 173532317#1 -101415865#2 -101415865#1 -101415865#0 47374680#2 47374680#3 47374680#4 47374680#5 47374680#6 47374680#7 47374680#8 -101411571#0 120511301 -282689981#1 -282689981#0 -679068326#3 416375814 71324343#1 71324343#2 71324343#3,3.577929991290974
80,53,-101765339#0 101765339#0 101765339#1 101754276#0 -416382004 101765339#6 173532317#1 -101415865#2 -101415865#1 -101749449#1 101746514 -101746498#2 -101746498#1 -101746498#0 47374680#6 47374680#7 47374680#8 -101411571#0 120511301 -282689981#1 -282689981#0 -679068326#3 -679068326#2 -101415864#1 -101415864#0 71324343#2 71324343#3,4.250582853731846
81,55,-101787498 101787498 101786553#1 101786553#2 -173532317#2 -101415865#2 -101415865#1 -101415865#0 47374680#2 47374680#3 47374680#4 47374680#5 47374680#6 47374680#7 47374680#8 -101411571#0 120511301 352797377 -282689986 -224715833 -224715836 -101749453 -1006827381 -71223800#7 -71223800#6 -71223800#5 -71223800#4 -71223800#3 -71223800#2 -71223800#1,5.295190459374388
81,55,-101787498 336860316#0 336860316#1 -120511144#1 -120511144#0 -283490977#1 47374680#0 47374680#1 47374680#2 47374680#3 47374680#4 47374680#5 47374680#6 47374680#7 47374680#8 -101411571#0 120511301 -282689981#1 -282689981#0 -679068326#3 -679068326#2 -679068326#1 -679068326#0 -1006827381 -71223800#7 -71223800#6 -71223800#5 -71223800#4 -71223800#3 -71223800#2 -71223800#1,3.970020621820938
81,55,-101787498 101787498 101786553#1 101786553#2 -173532317#2 -101415865#2 -101415865#1 -101749449#1 101746514 -101746498#2 -101746498#1 -101746498#0 47374680#6 47374680#7 47374680#8 -101411571#0 120511301 352797377 -282689986 -224715833 -224715836 -101749453 -1006827381 -71223800#7 -71223800#6 -71223800#5 -71223800#4 -71223800#3 -71223800#2 -71223800#1,5.973976098900177
82,18,101784499#1 479315694 336860316#0 336860316#1 -120511144#1 -120511144#0 -283490977#1 -283490977#0 -1323419243,1.385080540495536
82,18,101784499#1 479315694 101787498 101786553#1 101786553#2 173532317#3 -283490977#1 -283490977#0 -1323419243,1.37599791536485
82,18,101784499#1 479315694 336860316#0 336860316#1 120511144#2 -120511144#2 -120511144#1 -120511144#0 -283490977#1 -283490977#0 -1323419243,1.6559588702291572
82,56,101784499#1 479315694 336860316#0 336860316#1 -120511144#1 -120511144#0 -283490977#1 47374680#0 47374680#1 47374680#2 47374680#3 47374680#4 47374680#5 47374680#6 47374680#7 47374680#8 -101411571#0 120511301 352797377 -282689986 -224715833 -224715836 -101749453 -1006827381 101417074 71324343#8 71324343#9 71324343#11 659283000#7 659283000#8 659283000#9 659283000#11 1047412915 1047412911 1047412914 1047412913 -1047412913 1047412912#0,5.063458083017226
82,56,101784499#1 479315694 101787498 101786553#1 101786553#2 -173532317#2 -101415865#2 -101415865#1 -101415865#0 47374680#2 47374680#3 47374680#4 47374680#5 47374680#6 47374680#7 47374680#8 -101411571#0 120511301 352797377 -282689986 -224715833 -224715836 -101749453 -1006827381 101417074 71324343#8 71324343#9 71324343#11 659283000#7 659283000#8 659283000#9 659283000#11 1047412915 1047412911 1047412914 1047412913 -1047412913 1047412912#0,5.629956705504377
82,56,101784499#1 479315694 101787498 101786553#1 101786553#2 173532317#3 -283490977#1 47374680#0 47374680#1 47374680#2 47374680#3 47374680#4 47374680#5 47374680#6 47374680#7 47374680#8 -101411571#0 120511301 352797377 -282689986 -224715833 -224715836 -101749453 -1006827381 101417074 71324343#8 71324343#9 71324343#11 659283000#7 659283000#8 659283000#9 659283000#11 1047412915 1047412911 1047412914 1047412913 -1047412913 1047412912#0,5.05437545788654
82,92,101784499#1 479315694 101787498 101786553#1 101786553#2 -173532317#2 -101415865#2 -101415865#1 -101749449#1 101746514 -101746514,2.3684613370186085
82,92,101784499#1 479315694 101787498 101786553#1 101786553#2 173532317#3 -283490977#1 47374680#0 101749458#0 101749458#1 -101749449#1 101746514 -101746514,2.0270625168713994
82,92,101784499#1 479315694 101787498 101786553#1 101786553#2 -173532317#2 -101415865#2 -101415865#1 -101415865#0 101415865#0 -101749449#1 -101749449#0 101749449#0 101746514 -101746514,3.7554161189313735
83,39,101418583 526438862#2 101418589 625955757 71324347#2 71324347#3 71324347#4 71324347#5 -47374665#1 47374680#4 47374664 -47374664,3.2244116711432778
83,39,101418583 526438862#2 101418589 625955757 71324347#2 71324347#3 71324347#4 71324347#5 -47374665#1 -47374680#3 47374680#3 47374680#4 47374664 -47374664,3.2695497263653666
83,39,101418583 526438862#2 101418589 625955757 71324347#2 71324347#3 71324347#4 71324347#5 -47374665#1 47374680#4 47374680#5 -47374680#5 47374664 -47374664,3.5644076695426374
84,3,-47374664 -47374680#4 -47374680#3 -47374680#2 -47374680#1 -47374680#0 -283490977#0 -162276533#2 100488715#0 100488715#1 100488715#2 101605951#0 101605951#1 -101606546 101606547#1,2.501671611769258
84,3,-47374664 -47374680#4 47374665#0 47374666 -42762427 16648700 1323419243 -162276533#2 100488715#0 100488715#1 100488715#2 101605951#0 101605951#1 -101606546 101606547#1,3.3311327496747056
84,3,-47374664 -47374680#4 47374665#0 47374666 659281081#0 1323419244 76867740 1323419243 -162276533#2 100488715#0 100488715#1 100488715#2 101605951#0 101605951#1 -101606546 101606547#1,3.540416463160099
84,10,-47374664 47374680#5 47374680#6 47374680#7 47374680#8 -101411571#0 120509990 71324347#0 71324347#1 71324347#2 71324347#3 101418583,1.5367522805331817
84,10,-47374664 47374680#5 47374680#6 47374680#7 47374680#8 -101411571#0 120511301 -120511301 120509990 71324347#0 71324347#1 71324347#2 71324347#3 101418583,2.455019587455951
84,10,-47374664 47374680#5 101746498#0 -101746498#0 47374680#6 47374680#7 47374680#8 -101411571#0 120509990 71324347#0 71324347#1 71324347#2 71324347#3 101418583,2.1507978987804806
85,29,-101749451 101749451 47374680#8 -101411571#0 120509990 120509991 282689983#0 101418595 526439431#1 623959719 619185406 619184994 -619184994,1.7220654856615072
85,29,-101749451 101749451 47374680#8 -101411571#0 120509990 120509991 282689983#0 282689983#1 71324342 416428068 -697042776#1 623959719 619185406 619184994 -619184994,1.596289588549603
85,29,-101749451 101749451 47374680#8 101411571#1 -101411571#1 -101411571#0 120509990 120509991 282689983#0 101418595 526439431#1 623959719 619185406 619184994 -619184994,1.7281130018602113
86,9,47374680#2 47374680#3 47374665#0 47374666 659281081#0 659281081#1 100525445 -416373452 101418587 464265154 120511142#1 75421017 619185406 619184994 1164659927#1 1164659928 -372606529#8 -372606529#7 -372606529#6 -372606529#5 -372606529#4,2.9671350411600534
86,9,47374680#2 47374680#3 47374665#0 47374666 -42762427 42762427 659281081#0 659281081#1 100525445 -416373452 101418587 464265154 120511142#1 75421017 619185406 619184994 1164659927#1 1164659928 -372606529#8 -372606529#7 -372606529#6 -372606529#5 -372606529#4,3.0738577302356833
86,9,47374680#2 47374680#3 47374665#0 47374666 659281081#0 659281081#1 100525445 -416373452 101418587 464265154 120511142#1 75421017 619185406 619184994 1164659927#1 1164659928 -372606529#8 -372606529#7 -372606529#6 -101611600 101611600 -372606529#5 -372606529#4,3.145368782460749
87,34,619185406 120511930 -42762428#0 -697042776#1 42762429 1323419246 -100525445 526438862#0 526438862#1 526438862#2 101418589 -1200809291,1.351611291998814
87,34,619185406 120511930 42762428#1 -42762428#3 -42762428#0 -697042776#1 42762429 1323419246 -100525445 526438862#0 526438862#1 526438862#2 101418589 -1200809291,1.821099087116861
87,34,619185406 120511930 -42762428#0 -697042776#1 42762429 -120511142#2 120511142#2 1323419246 -100525445 526438862#0 526438862#1 526438862#2 101418589 -1200809291,1.4683779986814869
88,57,-101746498#1 -101746498#0 47374680#6 47374680#7 47374680#8 -101411571#0 120509990 120509991 282689983#0 282689983#1 71223791#0 71223791#1,0.9513093502339742
88,57,-101746498#1 -101746498#0 47374680#6 47374680#7 -101749451 101749451 47374680#8 -101411571#0 120509990 120509991 282689983#0 282689983#1 71223791#0 71223791#1,1.480280938869428
88,57,-101746498#1 -101746498#0 47374680#6 47374680#7 47374680#8 -101411571#0 120511301 -120511301 120509990 120509991 282689983#0 282689983#1 71223791#0 71223791#1,1.8695766571567431
89,58,-1200809291 -101418591 101418591 1200809291 625955757 71324347#2 71324347#3 71324347#4 71324347#5 -47374665#1 47374680#4 47374680#5 47374680#6 47374680#7 47374680#8 -101411571#0 120509990 120509991,3.15623453386617
89,58,-1200809291 -101418591 101418591 1200809291 -101418589 1200809292 868087112 526439431#0 526439431#1 687927789#0 -71324342 71223791#0 71223791#1 101411570 282689981#1 -120511301 120509990 120509991,2.131248379831134
89,58,-1200809291 -101418591 101418591 1200809291 -101418589 1200809292 868087112 526439431#0 526439431#1 687927789#0 -71324342 71223791#0 416376586 463830226#1 101411570 282689981#1 -120511301 120509990 120509991,2.175683864608198
89,64,-1200809291 -101418591 101418591 1200809291 625955757 71324347#2 71324347#3 71324347#4 71324347#5 -47374665#1 -47374680#3 -47374680#2 101415865#0 101415865#1 101415865#2 -173532317#1 -173532317#0 47374679#0 101754278#0 101754278#1 -101752975#2,3.8363326494262884
89,64,-1200809291 -101418591 101418591 1200809291 625955757 71324347#2 71324347#3 71324347#4 71324347#5 -47374665#1 -47374680#3 -47374680#2 101415865#0 101415865#1 101415865#2 -173532317#1 -173532317#0 47374679#0 47374679#1 101754282#1 101754278#1 -101752975#2,3.8386844612813396
89,64,-1200809291 -101418591 101418591 1200809291 625955757 71324347#2 71324347#3 71324347#4 71324347#5 -47374665#1 -47374680#3 -47374680#2 101415865#0 101415865#1 101415865#2 -101415865#2 -101415865#1 -101749458#1 101749458#1 -101415865#0 47374680#2 148716288 -148716288 47374680#3 47374665#0 47374666 -42762427 16648700 1323419243 120511145 283490977#1 -173532317#3 -173532317#2 -173532317#1 -173532317#0 47374679#0 101754278#0 101754278#1 -101752975#2,7.297086376361589
90,61,-282689986 282689986 282689975#0 282689975#1 282689975#2 282689975#3 -282690560#1 -282690560#0,0.6717449974950384
90,61,-282689986 282689986 -352797377 352797377 282689975#0 282689975#1 282689975#2 282689975#3 -282690560#1 -282690560#0,2.6376313520368555
90,61,-282689986 282689986 282689975#0 282689975#1 282689975#2 282689975#3 282689975#4 -282689975#4 -282690560#1 -282690560#0,0.7730168957431784
91,7,-619184994 120511930 -42762428#0 -697042776#1 42762429 1323419246 184568063 76867740 1323419243 120511145 283490977#1 -173532317#3 -173532317#2 -173532317#1 -173532317#0 47374679#0 101754278#0 101754278#1 -101752975#2 -101752975#1,3.161644384175556
91,7,-619184994 120511930 -42762428#0 -697042776#1 42762429 1323419246 184568063 76867740 1323419243 -162276533#2 162276533#2 120511145 283490977#1 -173532317#3 -173532317#2 -173532317#1 -173532317#0 47374679#0 101754278#0 101754278#1 -101752975#2 -101752975#1,3.963036272824464
91,7,-619184994 120511930 -42762428#0 -697042776#1 42762429 1323419246 184568063 76867740 1323419243 120511145 283490977#1 -173532317#3 -173532317#2 -173532317#1 -173532317#0 47374679#0 47374679#1 101754282#1 101754278#1 -101752975#2 -101752975#1,3.1639961960306073
91,15,-619184994 120511930 -42762428#0 -697042776#1 42762429 1323419246 184568063 76867740 -16648700 16648700 1323419243 120511145 47374680#0 47374680#1 101415865#0 -101749449#1 101746514 -101746498#2,4.3790245831954095
91,15,-619184994 120511930 -42762428#0 -697042776#1 42762429 1323419246 184568063 76867740 1323419243 120511145 47374680#0 101749458#0 101749458#1 -101749449#1 101746514 -101746498#2,2.9089052899777617
91,15,-619184994 120511930 42762428#1 -42762428#3 -42762428#0 -697042776#1 42762429 1323419246 184568063 76867740 1323419243 120511145 47374680#0 101749458#0 101749458#1 -101749449#1 101746514 -101746498#2,3.3783930850958086
92,64,-101608960 101608960 101609498#0 101609498#1 101609498#2 101608828 -101607966#0 101607969#1 100468681#4 100468681#5 100468681#6 100468681#7 100468681#8 282479126 133906980 133906979 282479125#0 282479125#1 120511930 -42762428#0 -697042776#1 42762429 1323419246 184568063 76867740 1323419243 120511145 283490977#1 -173532317#3 -173532317#2 -173532317#1 -173532317#0 47374679#0 101754278#0 101754278#1 -101752975#2,4.244114478044637
92,64,-101608960 101608960 -336863927#3 101608827 101609498#2 101608828 -101607966#0 101607969#1 100468681#4 100468681#5 100468681#6 100468681#7 100468681#8 282479126 133906980 133906979 282479125#0 282479125#1 120511930 -42762428#0 -697042776#1 42762429 1323419246 184568063 76867740 1323419243 120511145 283490977#1 -173532317#3 -173532317#2 -173532317#1 -173532317#0 47374679#0 101754278#0 101754278#1 -101752975#2,4.2780080354676056
92,64,-101608960 101608960 -336863927#3 -336863927#2 336863927#2 101608827 101609498#2 101608828 -101607966#0 101607969#1 100468681#4 100468681#5 100468681#6 100468681#7 100468681#8 282479126 133906980 133906979 282479125#0 282479125#1 120511930 -42762428#0 -697042776#1 42762429 1323419246 184568063 76867740 1323419243 120511145 283490977#1 -173532317#3 -173532317#2 -173532317#1 -173532317#0 47374679#0 101754278#0 101754278#1 -101752975#2,4.364582665319546
92,81,-101608960 101608960 101609498#0 101609498#1 101609498#2 101608828 -101607966#0 101607969#1 100468681#4 100468681#5 100468681#6 100468681#7 100468681#8 120511932#0 120511932#1 120511932#2 -101604499 100475363 282479151#1 282479151#2 282479151#3 282479151#4 100488713 -100488715#7,1.7764224768381072
92,81,-101608960 101608960 101609498#0 101609498#1 101609498#2 101608828 -101607966#0 101607969#1 100468681#4 100468681#5 100468681#6 100525438#0 100525438#1 100525438#2 659278038#0 659278038#1 659278038#2 659278038#3 100475365#0 100475365#1 282479151#3 282479151#4 100488713 -100488715#7,2.1436795740614465
92,81,-101608960 101608960 -336863927#3 101608827 101609498#2 101608828 -101607966#0 101607969#1 -100468681#3 -101600741#4 101601553#0 101601553#1 100525438#1 100525438#2 659278038#0 659278038#1 659278038#2 659278038#3 100475365#0 100475365#1 282479151#3 282479151#4 100488713 -100488715#7,2.4273311916559286
93,66,-100468681#2 100468681#2 -101600741#4 101601553#0 101601553#1 -100525438#0 100468681#7 100468681#8 282479126 133906980 133906979 282479125#0 282479125#1 120511930 -42762428#0 -697042776#1 42762429 1323419246 184568063 1323419245 42762427 659281081#0 659281081#1,2.7899201005096064
93,66,-100468681#2 100468681#2 100468681#3 100468681#4 100468681#5 100468681#6 100468681#7 100468681#8 282479126 133906980 133906979 282479125#0 282479125#1 120511930 -42762428#0 -697042776#1 42762429 1323419246 184568063 1323419245 42762427 659281081#0 659281081#1,2.2935125958230667
93,66,-100468681#2 100468681#2 100468681#3 100468681#4 100468681#5 100468681#6 100468681#7 100468681#8 282479126 133906980 133906979 282479125#0 282479125#1 120511930 -42762428#0 -697042776#1 42762429 1323419246 184568063 76867740 -16648700 42762427 659281081#0 659281081#1,3.013440567011542
94,9,-100488715#6 100488715#6 100488715#7 100488714 282479151#6 100475366 100475359 282689984#0 282689984#1 619185406 619184994 1164659927#1 1164659928 -372606529#8 -372606529#7 -372606529#6 -372606529#5 -372606529#4,1.7411592138655319
94,9,-100488715#6 101605219 100488715#7 100488714 282479151#6 100475366 100475359 282689984#0 282689984#1 619185406 619184994 1164659927#1 1164659928 -372606529#8 -372606529#7 -372606529#6 -372606529#5 -372606529#4,1.8330817856300188
94,9,-100488715#6 100488715#6 100488715#7 100488714 282479151#6 100475366 100475359 282689984#0 101594826 -101594826 282689984#1 619185406 619184994 1164659927#1 1164659928 -372606529#8 -372606529#7 -372606529#6 -372606529#5 -372606529#4,2.2686101942576884
95,12,-659278038#0 659278038#0 659278038#1 659278038#2 659278038#3 100475365#0 100475365#1,0.4889258079041552
95,12,-659278038#0 659278038#0 659278038#1 659278038#2 -101601832#2 101601832#2 659278038#3 100475365#0 100475365#1,0.8053644928093627
95,12,-659278038#0 -100525438#2 100525438#2 659278038#0 -101601831 101601831 659278038#1 659278038#2 659278038#3 100475365#0 100475365#1,1.635284351321522
96,67,-100488715#3 100488715#3 101418592 101418584#2 101418584#3 101418584#4 416373452 -416373452 101418587 464265154 120511142#1 75421017 619185406 619184994 1164659927#1 1164659928 -372606529#8 -372606529#7 -372606529#6 -372606529#5 -372606529#4 -372606529#3 -372606529#2 -372606529#1 -372606529#0 -120512823#1 -120512823#0 -101609498#5 -101609498#4 -101609498#3 -101609498#2 -101609498#1 -101609498#0,3.8781366974435567
96,67,-100488715#3 100488715#3 101418592 101418584#2 101418584#3 101418584#4 101418587 464265154 120511142#1 75421017 619185406 619184994 1164659927#1 1164659928 -372606529#8 -372606529#7 -372606529#6 -372606529#5 -372606529#4 -372606529#3 -372606529#2 -372606529#1 -372606529#0 -101607965 101607964#1 101607969#0 101607966#0 -101608828 -101609498#2 -101609498#1 -101609498#0,3.8291656043266844
96,67,-100488715#3 100488715#3 101418592 101418584#2 101418584#3 101418584#4 101418587 464265154 120511142#1 75421017 619185406 619184994 1164659927#1 1164659928 -372606529#8 -372606529#7 -372606529#6 -372606529#5 -372606529#4 -372606529#3 -372606529#2 -372606529#1 -372606529#0 -120512823#1 -120512823#0 -101609498#5 -101609498#4 -101609498#3 -101609498#2 -101609498#1 -101609498#0,3.7404597116024236
96,68,-100488715#3 100488715#3 101418592 101418584#2 101418584#3 101418584#4 101418587 464265154 120511142#1 75421017 619185406 619184994 1164659927#1 1164659926,1.9501926040394557
96,68,-100488715#3 101605951#0 -101605951#0 100488715#3 101418592 101418584#2 101418584#3 101418584#4 101418587 464265154 120511142#1 75421017 619185406 619184994 1164659927#1 1164659926,2.0867056829931396
96,68,-100488715#3 100488715#3 101418592 101418584#2 101418584#3 101418584#4 101418587 464265154 120511142#1 75421017 -282689984#1 282689984#1 619185406 619184994 1164659927#1 1164659926,2.0145314569312243
96,89,-100488715#3 -100488715#2 -100488715#1 -100488715#0 162276533#2 120511145 47374680#0 47374680#1 47374680#2 47374680#3 47374680#4 47374680#5 47374680#6 47374680#7 47374680#8 101411571#1 -101411571#1,2.548895757006907
96,89,-100488715#3 -100488715#2 -100488715#1 -100488715#0 162276533#2 120511145 47374680#0 47374680#1 47374680#2 47374680#3 47374665#0 -47374665#1 47374680#4 47374680#5 47374680#6 47374680#7 47374680#8 101411571#1 -101411571#1,4.280070816958944
96,89,-100488715#3 -100488715#2 -100488715#1 -100488715#0 162276533#2 120511145 47374680#0 47374680#1 47374680#2 47374680#3 47374680#4 47374680#5 47374680#6 47374680#7 47374680#8 -101411571#0 101411571#0 101411571#1 -101411571#1,2.549375718609979
97,5,100525438#0 -101601553#1 -101601553#0 101600741#4 -100468681#2 -100468681#1 -100468681#0,1.274893528325657
97,5,100525438#0 -101601553#1 -101601557 101601557 -101601553#0 101600741#4 -100468681#2 -100468681#1 -100468681#0,1.3166141906726692
97,5,100525438#0 -101601553#1 -101601553#0 -101600741#3 101600741#3 101600741#4 -100468681#2 -100468681#1 -100468681#0,1.5702916875893624
98,5,101607969#1 -100468681#3 -100468681#2 -100468681#1 -100468681#0,0.6948619908726629
98,5,101607969#1 100468681#4 -100468681#4 -100468681#3 -100468681#2 -100468681#1 -100468681#0,0.8341828452043163
98,5,101607969#1 -100468681#3 -101600741#4 101600741#4 -100468681#2 -100468681#1 -100468681#0,0.8689516267270045
99,18,-101604497 101604497 101604496#0 101604496#1 -100525438#1 -100525438#0 100468681#7 100468681#8 282479126 133906980 133906979 282479125#0 282479125#1 120511930 -42762428#0 -697042776#1 42762429 1323419246 184568063 76867740 1323419243 -1323419243,2.9387106606501487
99,18,-101604497 101604497 101604496#0 -101604502 101604502 101604496#1 -100525438#1 -100525438#0 100468681#7 100468681#8 282479126 133906980 133906979 282479125#0 282479125#1 120511930 -42762428#0 -697042776#1 42762429 1323419246 184568063 76867740 1323419243 -1323419243,3.1540214357881378
99,18,-101604497 101604497 101604496#0 101604496#1 -100525438#1 -100525438#0 100468681#7 100468681#8 282479126 133906980 133906979 282479125#0 282479125#1 120511930 -42762428#0 -697042776#1 42762429 1323419246 184568063 1323419245 16648700 1323419243 -1323419243,2.905517383339225
100,44,-336860316#0 336860316#0 336860316#1 -120511144#1 -120511144#0 -283490977#1 -283490977#0 -1323419243 -16648700 42762427 659281081#0 659281081#1 526438862#0 526438862#1 526438862#2 1200809292 868087112 526439431#0 526439431#1 687927789#0 416428068,2.4592946033705054
100,44,-336860316#0 101787498 101786553#1 101786553#2 173532317#3 -283490977#1 -283490977#0 -1323419243 -16648700 42762427 659281081#0 659281081#1 526438862#0 526438862#1 526438862#2 1200809292 868087112 526439431#0 526439431#1 687927789#0 416428068,2.4502119782398197
100,44,-336860316#0 101787498 101786553#1 101786553#2 173532317#3 -283490977#1 47374680#0 47374680#1 47374680#2 47374680#3 47374680#4 47374680#5 47374680#6 47374680#7 47374680#8 -101411571#0 120509990 120509991 282689983#0 282689983#1 71324342 416428068,2.4280060908452654
100,72,-336860316#0 336860316#0 336860316#1 -120511144#1 -120511144#0 -283490977#1 -283490977#0 -1323419243 -16648700 42762427 659281081#0 659281081#1 100525445 -416373452 101418587 464265154 120511142#1 75421017 619185406 619184994 1164659927#1 1164659928 -372606529#8 -372606529#7 -372606529#6 -372606529#5 -372606529#4 -372606529#3 -372606529#2 -372606529#1 -372606529#0 -120512823#1 -120512823#0 -101609498#5 -101609498#4 -101608824 101608824,4.556937965971125
100,72,-336860316#0 101787498 101786553#1 101786553#2 173532317#3 -283490977#1 -283490977#0 -1323419243 -16648700 42762427 659281081#0 659281081#1 100525445 -416373452 101418587 464265154 120511142#1 75421017 619185406 619184994 1164659927#1 1164659928 -372606529#8 -372606529#7 -372606529#6 -372606529#5 -372606529#4 -372606529#3 -372606529#2 -372606529#1 -372606529#0 -120512823#1 -120512823#0 -101609498#5 -101609498#4 -101608824 101608824,4.547855340840439
100,72,-336860316#0 101787498 101786553#1 101786553#2 173532317#3 -283490977#1 -283490977#0 -1323419243 -16648700 42762427 659281081#0 659281081#1 100525445 -416373452 101418587 464265154 120511142#1 75421017 619185406 619184994 1164659927#1 1164659928 -372606529#8 -372606529#7 -372606529#6 -372606529#5 -372606529#4 -372606529#3 -372606529#2 -372606529#1 -372606529#0 372606529#0 372606529#1 101594836#0 -101594836#0 372606529#2 -101611601 101611601 372606529#3 -101611599 101611599 372606529#4 372606529#5 372606529#6 -101611066 101611066 372606529#7 372606529#8 1164659929 120512822 -133906979 -133906980 -282479126 -100468681#8 -100468681#7 -100468681#6 -100468681#5 101607105 -101607101 101607107 101607098#1 101607098#2 -120512823#1 -120512823#0 -101609498#5 -101609498#4 -101608824 101608824,6.97887332038647
100,85,-336860316#0 336860316#0 336860316#1 120511144#2 120511144#3 120511144#4 71223798 282689985#0 282689985#1 -1323419242#1 -1323419242#0 -162276528 -837309289#1,1.568403205081195
100,85,-336860316#0 336860316#0 101784793 102036177 120511144#3 120511144#4 71223798 282689985#0 282689985#1 -1323419242#1 -1323419242#0 -162276528 -837309289#1,1.685802735087582
100,85,-336860316#0 336860316#0 336860316#1 -120511144#1 -120511144#0 -283490977#1 -283490977#0 -162276533#2 -162276533#1 -162276533#0 -1323419242#1 -1323419242#0 -162276528 -837309289#1,1.8595370956424595
101,75,120829754 -120829754 -100488715#4 101418592 101418584#2 101418584#3 101418584#4 416373452 -100525445 526438862#0,2.4140302123097115
101,75,120829754 -120829754 100488715#5 -100488715#5 -100488715#4 101418592 101418584#2 101418584#3 101418584#4 416373452 -100525445 526438862#0,2.588299920192865
101,75,120829754 -101605951#4 101605951#4 -120829754 -100488715#4 101418592 101418584#2 101418584#3 101418584#4 416373452 -100525445 526438862#0,2.414510173912783
102,3,1200809292 868087112 526439431#0 526439431#1 42762429 1323419246 -416373452 -101418584#4 -101418584#3 -101418584#2 -101418592 -100488715#3 101605951#0 101605951#1 -101606546 101606547#1,1.7914455342972322
102,3,1200809292 868087112 526439431#0 526439431#1 42762429 1323419246 184568063 76867740 1323419243 -162276533#2 100488715#0 100488715#1 100488715#2 101605951#0 101605951#1 -101606546 101606547#1,3.0389878341545407
102,3,1200809292 868087112 526439431#0 526439431#1 42762429 1323419246 -416373452 -101418584#4 -101418584#3 -101418584#2 -101418592 -100488715#3 -100488715#2 100488715#2 101605951#0 101605951#1 -101606546 101606547#1,2.323398315409677
103,5,659278036#2 659278036#3 101600741#0 101600741#1 101600741#2 101600741#3 101600741#4 -100468681#2 -100468681#1 -100468681#0,1.6389791625793586
103,5,659278036#2 659278036#3 101600741#0 101600741#1 101600741#2 101600741#3 101601553#0 -101601553#0 101600741#4 -100468681#2 -100468681#1 -100468681#0,1.7869183382496268
103,5,659278036#2 659278036#3 101600741#0 101600741#1 101600741#2 -101601551 101601551 101600741#3 101600741#4 -100468681#2 -100468681#1 -100468681#0,1.878647989073239
104,78,71223800#6 71223800#7 1006827381 101749453 224715836 224715833 282689986 -352797377 -120511301 120509990 120509991 282689983#0 101418595 526439431#1 42762429 1323419246 184568063 76867740 1323419243 -162276533#2 -162276533#1 -162276533#0 -1323419242#1 -1323419242#0 -162276528 162276631 -416409192#8 -416409192#7,5.671023143153848
104,78,71223800#6 71223800#7 1006827381 679068326#0 679068326#1 679068326#2 679068326#3 101411570 282689981#1 -120511301 120509990 120509991 282689983#0 101418595 526439431#1 42762429 1323419246 184568063 76867740 1323419243 -162276533#2 -162276533#1 -162276533#0 -1323419242#1 -1323419242#0 -162276528 -837309289#1 837309289#1 162276631 -416409192#8 -416409192#7,5.853114553694253
104,78,71223800#6 71223800#7 1006827381 101749453 224715836 224715833 282689986 -352797377 -120511301 101411571#0 -47374680#8 -47374680#7 -47374680#6 -47374680#5 -47374680#4 -47374680#3 -47374680#2 -47374680#1 -47374680#0 -283490977#0 -162276533#2 -162276533#1 -162276533#0 -1323419242#1 -1323419242#0 -162276528 162276631 -416409192#8 -416409192#7,4.833890104193125
105,7,526438862#1 526438862#2 101418589 625955757 71324347#2 71324347#3 71324347#4 71324347#5 47374666 -42762427 16648700 1323419243 120511145 47374680#0 47374680#1 101415865#0 101415865#1 101415865#2 -173532317#1 -173532317#0 47374679#0 101754278#0 101754278#1 -101752975#2 -101752975#1,4.112611307218994
105,7,526438862#1 526438862#2 101418589 625955757 71324347#2 71324347#3 71324347#4 71324347#5 -47374665#1 -47374680#3 -47374680#2 101415865#0 101415865#1 101415865#2 -173532317#1 -101765339#6 101765339#6 -173532317#0 47374679#0 101754278#0 101754278#1 -101752975#2 -101752975#1,3.96270702978997
105,7,526438862#1 526438862#2 101418589 625955757 71324347#2 71324347#3 71324347#4 71324347#5 -47374665#1 -47374680#3 -47374680#2 101415865#0 101415865#1 101415865#2 -173532317#1 -173532317#0 47374679#0 101754278#0 101754278#1 -101752975#2 -101752975#1,3.84958177968993
106,3,-101752975#1 -336860320 -416382004 101765339#6 173532317#1 173532317#2 173532317#3 -283490977#1 -283490977#0 -162276533#2 100488715#0 100488715#1 100488715#2 101605951#0 101605951#1 -101606546 101606547#1,2.4855843849418817
106,3,-101752975#1 -336860320 -416382004 101765339#6 173532317#1 173532317#2 173532317#3 -283490977#1 47374680#0 -47374680#0 -283490977#0 -162276533#2 100488715#0 100488715#1 100488715#2 101605951#0 101605951#1 -101606546 101606547#1,2.571938926758609
106,3,-101752975#1 -336860320 -416382004 -101765339#5 101765339#5 101765339#6 173532317#1 173532317#2 173532317#3 -283490977#1 -283490977#0 -162276533#2 100488715#0 100488715#1 100488715#2 101605951#0 101605951#1 -101606546 101606547#1,2.4863847050699333
107,29,336863927#3 -336863927#3 101608827 101609498#2 101608828 -101607966#0 101607969#1 100468681#4 100468681#5 100468681#6 100468681#7 100468681#8 282479126 133906980 133906979 282479125#0 282479125#1 619184994 -619184994,2.1538431931447883
107,29,336863927#3 101609498#0 101609498#1 101609498#2 101608828 -101607966#0 101607969#1 100468681#4 100468681#5 100468681#6 100468681#7 100468681#8 282479126 133906980 133906979 282479125#0 282479125#1 619184994 -619184994,2.1199496357218193
107,29,336863927#3 -336863927#3 101608827 101609498#2 101609498#3 -101609498#3 101608828 -101607966#0 101607969#1 100468681#4 100468681#5 100468681#6 100468681#7 100468681#8 282479126 133906980 133906979 282479125#0 282479125#1 619184994 -619184994,2.7151076989471097
108,63,101607964#0 101607964#1 101607969#0 101607969#1 -100468681#3 -101600741#4 -101600741#3 -101600741#2,0.9993202032432842
108,63,101607964#0 101607964#1 101607969#0 101607969#1 -100468681#3 -100468681#2 100468681#2 -101600741#4 -101600741#3 -101600741#2,1.0858572802771216
108,63,101607964#0 101607964#1 101607969#0 101607969#1 100468681#4 -100468681#4 -100468681#3 -101600741#4 -101600741#3 -101600741#2,1.1386410575749375
109,11,-101605951#3 -101605951#2 -101605951#1 -101605951#0 100488715#3 101418592 101418584#2 101418584#3 101418584#4 416373452 -100525445 526438862#0 526438862#1 526438862#2,1.304434329527347
109,11,-101605951#3 101605951#3 101605951#4 -120829754 -100488715#4 101418592 101418584#2 101418584#3 101418584#4 416373452 -100525445 526438862#0 526438862#1 526438862#2,1.990653595320482
109,11,-101605951#3 -101605951#2 -101605951#1 -101605951#0 100488715#3 100488715#4 -100488715#4 101418592 101418584#2 101418584#3 101418584#4 416373452 -100525445 526438862#0 526438862#1 526438862#2,1.3052346496553984
110,80,101594822 101594815#0 -659283000#5 -659283000#3 -659283000#2 -659283000#1 -659283000#0 -282479127#2 1164653914 -619184994 120511930 -42762428#0 -697042776#1 42762429 1323419246 184568063 76867740 1323419243 120511145 283490977#1 120511144#0 -120511144#0,3.1447424614194124
110,80,101594822 101594815#0 -659283000#5 -659283000#3 -659283000#2 -659283000#1 -659283000#0 -282479127#2 -1197063689 -42762428#4 -42762428#3 -42762428#0 -697042776#1 42762429 1323419246 184568063 76867740 1323419243 120511145 283490977#1 120511144#0 -120511144#0,2.8571474234042067
110,80,101594822 101594815#0 -659283000#5 -659283000#3 -659283000#2 -659283000#1 -659283000#0 -282479127#2 -1197063689 -42762428#4 -42762428#3 -42762428#0 -697042776#1 42762429 1323419246 184568063 1323419245 16648700 1323419243 120511145 283490977#1 120511144#0 -120511144#0,2.8239541460932824
111,48,-1323419242#1 1323419242#1 162276533#0 162276533#1 100488715#0 100488715#1 100488715#2 100488715#3 100488715#4 100488715#5 100488715#6 100488715#7 100488714 282479151#6 282479151#7 282479151#1 100475362 -659278038#3 -659278038#2 -659278038#1 -659278038#0 -100525438#2 -100525438#1 -101601553#1 -101601553#0 101600741#4 -100468681#2 -100468681#1,3.157438065218888
111,48,-1323419242#1 1323419242#1 162276533#0 162276533#1 100488715#0 100488715#1 100488715#2 100488715#3 100488715#4 100488715#5 101605219 100488715#7 100488714 282479151#6 282479151#7 282479151#1 100475362 -659278038#3 -659278038#2 -659278038#1 -659278038#0 -100525438#2 -100525438#1 -101601553#1 -101601553#0 101600741#4 -100468681#2 -100468681#1,3.2493606369833747
111,48,-1323419242#1 1323419242#1 162276533#0 162276533#1 100488715#0 100488715#1 100488715#2 100488715#3 100488715#4 120829754 -120829754 100488715#5 100488715#6 100488715#7 100488714 282479151#6 282479151#7 282479151#1 100475362 -659278038#3 -659278038#2 -659278038#1 -659278038#0 -100525438#2 -100525438#1 -101601553#1 -101601553#0 101600741#4 -100468681#2 -100468681#1,5.115531590398745
112,78,101607969#0 101607969#1 100468681#4 100468681#5 100468681#6 100468681#7 100468681#8 282479126 133906980 133906979 282479125#0 282479125#1 120511930 -42762428#0 -697042776#1 42762429 1323419246 184568063 76867740 1323419243 -162276533#2 -162276533#1 -162276533#0 -1323419242#1 -1323419242#0 -162276528 162276631 -416409192#8 -416409192#7,4.173144179944862
112,78,101607969#0 101607969#1 100468681#4 100468681#5 100468681#6 100468681#7 100468681#8 282479126 133906980 133906979 282479125#0 282479125#1 120511930 -42762428#0 -697042776#1 42762429 1323419246 184568063 76867740 1323419243 -162276533#2 -162276533#1 416405090 -416405090 -162276533#0 -1323419242#1 -1323419242#0 -162276528 162276631 -416409192#8 -416409192#7,5.620444395927583
112,78,101607969#0 101607969#1 100468681#4 100468681#5 100468681#6 100468681#7 100468681#8 282479126 133906980 133906979 282479125#0 282479125#1 619184994 -619184994 120511930 -42762428#0 -697042776#1 42762429 1323419246 184568063 76867740 1323419243 -162276533#2 -162276533#1 -162276533#0 -1323419242#1 -1323419242#0 -162276528 162276631 -416409192#8 -416409192#7,4.755617169140541
113,77,-101606549 101606549 -101606547#1 101606546 101605951#2 101605951#3 101605951#4 101605951#5 -101605951#5,0.5006359491240701
113,77,-101606549 101606549 -101606547#1 101606546 101605951#2 101605951#3 101605951#4 -101605951#4 -101605951#3 -101605950 101605950 -101605951#2 -101605951#1 -101605951#0 100488715#3 100488715#4 120829754 101605951#5 -101605951#5,2.2428569649239396
113,77,-101606549 101606549 -101606547#1 -101606547#0 101606547#0 101606546 -101605951#1 101605951#1 101605951#2 101605951#3 101605951#4 101605951#5 -101605951#5,0.8864050875929923
114,83,-101605951#5 -101605951#4 -101605951#3 -101605951#2 -101606546 101606547#1 -101606549,0.4086753059755219
114,83,-101605951#5 -101605951#4 101605951#4 -120829754 -100488715#4 -100488715#3 101605951#0 101605951#1 -101606546 101606547#1 -101606549,1.6496461340206274
114,83,-101605951#5 -101605951#4 -101605951#3 -101605950 101605950 -101605951#2 -101605951#1 101605951#1 -101606546 101606547#1 -101606549,0.5961003119750419
115,3,416409192#5 416409192#6 416409192#7 416409192#8 -162276631 162276528 1323419242#0 1323419242#1 162276533#0 162276533#1 100488715#0 100488715#1 100488715#2 101605951#0 101605951#1 -101606546 101606547#1,2.058509672434155
115,3,416409192#5 416409192#6 416409192#7 416409192#8 -162276631 162276528 1323419242#0 1323419242#1 162276533#0 162276533#1 100488715#0 100488715#1 100488715#2 101605951#0 -101605948 101605948 101605951#1 -101606546 101606547#1,2.3513102483880783
115,3,416409192#5 416409192#6 416409192#7 416409192#8 -162276631 162276528 1323419242#0 1323419242#1 162276533#0 162276533#1 100488715#0 100488715#1 100488715#2 100488715#3 -100488715#3 101605951#0 101605951#1 -101606546 101606547#1,2.758389624414947
116,15,76867740 1323419243 120511145 47374680#0 101749458#0 101749458#1 -101749449#1 101746514 -101746498#2,1.3801938053839247
116,15,76867740 1323419243 120511145 47374680#0 47374680#1 101415865#0 -101749449#1 101746514 -101746498#2,2.1635784047240207
116,15,76867740 1323419243 120511145 47374680#0 47374680#1 101415865#0 -101749458#1 101749458#1 -101749449#1 101746514 -101746498#2,2.2638663816858635
116,44,76867740 -16648700 42762427 659281081#0 659281081#1 526438862#0 526438862#1 526438862#2 1200809292 868087112 526439431#0 526439431#1 687927789#0 416428068,1.6827999450320084
116,44,76867740 1323419243 -1323419243 -16648700 42762427 659281081#0 659281081#1 526438862#0 526438862#1 526438862#2 1200809292 868087112 526439431#0 526439431#1 687927789#0 416428068,1.6930040266646615
116,44,76867740 -16648700 42762427 659281081#0 659281081#1 100525445 -100525445 526438862#0 526438862#1 526438862#2 1200809292 868087112 526439431#0 526439431#1 687927789#0 416428068,1.993484218741492
117,15,-101765343 101765343 101765339#1 101754276#0 -416382004 101765339#6 173532317#1 -101415865#2 -101415865#1 -101749449#1 101746514 -101746498#2,1.9236141252757404
117,15,-101765343 101765343 101765339#1 101754276#0 -416382004 101765339#6 173532317#1 -101415865#2 -101415865#1 -101749449#1 -101749449#0 101749449#0 101746514 -101746498#2,2.293001880377781
117,15,-101765343 101765343 101765339#1 101765339#2 -101765339#2 101754276#0 -416382004 101765339#6 173532317#1 -101415865#2 -101415865#1 -101749449#1 101746514 -101746498#2,1.9244144454037915
117,44,-101765343 101765343 101765339#1 101754276#0 -416382004 101765339#6 173532317#1 173532317#2 173532317#3 -283490977#1 -283490977#0 -1323419243 -16648700 42762427 659281081#0 659281081#1 526438862#0 526438862#1 526438862#2 1200809292 868087112 526439431#0 526439431#1 687927789#0 416428068,2.7414138153461525
117,44,-101765343 101765343 101765339#1 101754276#0 -416382004 101765339#6 173532317#1 -101415865#2 -101415865#1 -101749449#1 101746514 -101746498#2 -101746498#1 -101746498#0 47374680#6 47374680#7 47374680#8 -101411571#0 120509990 120509991 282689983#0 282689983#1 71324342 416428068,3.398952784857644
117,44,-101765343 101765343 101765339#1 101754276#0 -416382004 101765339#6 173532317#1 -101415865#2 -101415865#1 -101415865#0 47374680#2 47374680#3 47374680#4 47374680#5 47374680#6 47374680#7 47374680#8 -101411571#0 120509990 120509991 282689983#0 282689983#1 71324342 416428068,2.720167145331855
117,93,-101765343 101765343 101765339#1 101754276#0 -416382004 101765339#6 173532317#1 173532317#2 173532317#3 -283490977#1 -283490977#0 -1323419243 -16648700 42762427 659281081#0 659281081#1 526438862#0 526438862#1 526438862#2 101418589 -101418589,2.3777121571108775
117,93,-101765343 101765343 101765339#1 101754276#0 -416382004 101765339#6 173532317#1 -101415865#2 -101415865#1 -101415865#0 47374680#2 47374680#3 47374665#0 47374666 659281081#0 659281081#1 526438862#0 526438862#1 526438862#2 101418589 -101418589,3.4707175464101874
117,93,-101765343 101765343 101765339#1 101754276#0 -416382004 101765339#6 173532317#1 173532317#2 173532317#3 -283490977#1 -283490977#0 120511145 47374680#0 47374680#1 47374680#2 47374680#3 47374665#0 47374666 659281081#0 659281081#1 526438862#0 526438862#1 526438862#2 101418589 -101418589,3.7415245877292347
118,4,-416375814 679068326#3 101411570 282689981#1 352797377 -352797377,1.6498815220832754
118,4,-416375814 679068326#3 -679068326#3 -679068326#2 679068326#2 416375814 -71324343#0 463830226#1 101411570 282689981#1 352797377 -352797377,2.708689681776238
118,4,-416375814 -679068326#2 679068326#2 679068326#3 101411570 282689981#1 352797377 -352797377,1.8572444672613466
119,86,-352797377 -282689981#1 -282689981#0 -679068326#3 416375814 -416375814,1.6494020214277214
119,86,-352797377 -120511301 120511301 -282689981#1 -101749462 101749462 -282689981#0 -679068326#3 416375814 -416375814,3.075252361563776
119,86,-352797377 -282689981#1 -101749462 101749462 -282689981#0 -679068326#3 416375814 -416375814,2.156985054641007
120,28,-71223800#4 -71223800#3 71223800#3 71223800#4 71223800#5 71223800#6 71223800#7 101417074 71324343#8 71324343#9 71324343#11 659283000#7 101594822 -101594843 101594812#1 101594812#2 -101594836#1 -101594836#0 -372606529#1 -372606529#0 -120512823#1 -120512823#0 -101609498#5 336863927#0 336863927#1 -336863927#1,2.5212719870748415
120,28,-71223800#4 -71223800#3 71223800#3 71223800#4 71223800#5 71223800#6 71223800#7 101417074 71324343#8 71324343#9 71324343#11 659283000#7 101594822 -101594843 101594812#1 -336863934 -101594809#0 -101594836#0 -372606529#1 -372606529#0 -120512823#1 -120512823#0 -101609498#5 336863927#0 336863927#1 -336863927#1,2.7951415348939683
120,28,-71223800#4 -71223800#3 71223800#3 71223800#4 71223800#5 71223800#6 71223800#7 101417074 71324343#8 71324343#9 71324343#11 659283000#7 101594822 -101594843 101594812#1 -336863934 -101594809#0 101594809#0 101594809#1 -101594809#1 336863934 101594812#2 -101594836#1 -101594836#0 -372606529#1 -372606529#0 -120512823#1 -120512823#0 -101609498#5 336863927#0 336863927#1 -336863927#1,3.8741531395358244
121,18,-479315694 479315694 336860316#0 336860316#1 -120511144#1 -120511144#0 -283490977#1 -283490977#0 -1323419243,0.9522598240159994
121,18,-479315694 479315694 101787498 101786553#1 101786553#2 173532317#3 -283490977#1 -283490977#0 -1323419243,0.9431771988853137
121,18,-479315694 479315694 101787498 101786553#1 101786553#2 173532317#3 120511144#0 -120511144#0 -283490977#1 -283490977#0 -1323419243,1.3988287467614837
122,87,-336860317#0 -101784793 336860316#1 -120511144#1 -120511144#0 -283490977#1 -283490977#0 -162276533#2 100488715#0 100488715#1 100488715#2 101605951#0 101605951#1 -101606546,2.187912861328837
122,87,-336860317#0 102036177 -120511144#2 -120511144#1 -120511144#0 -283490977#1 -283490977#0 -162276533#2 100488715#0 100488715#1 100488715#2 101605951#0 101605951#1 -101606546,2.1185676718491573
122,87,-336860317#0 102036177 120511144#3 120511144#4 71223798 282689985#0 282689985#1 162276533#0 162276533#1 100488715#0 100488715#1 100488715#2 101605951#0 101605951#1 -101606546,1.793608487311411
123,88,-101606546 101606546 -101605951#1 -101605951#0 -100488715#2 -100488715#1 -100488715#0 162276533#2 120511145 283490977#1 120511144#0 120511144#1 -336860316#1 101784793 336860317#0 -336860317#0,2.3825430964322374
123,88,-101606546 101606546 -101605951#1 -101605951#0 -100488715#2 -100488715#1 -100488715#0 162276533#2 120511145 283490977#1 120511144#0 120511144#1 -120511144#1 -101787489 101787489 -101752970#2 101752970#2 -120511144#0 -173532317#3 -101786553#2 -101786553#1 -101787498 336860316#0 101784793 336860317#0 -336860317#0,4.5331603195633905
123,88,-101606546 101606546 -101605951#1 -101605951#0 -100488715#2 -100488715#1 -100488715#0 162276533#2 120511145 283490977#1 -173532317#3 173532317#3 120511144#0 120511144#1 -336860316#1 101784793 336860317#0 -336860317#0,2.5867427604591153
124,57,101416508#1 101416508#2 679068326#1 679068326#2 416375814 -71324343#0 -416376586 71223791#1,1.0619174955799453
124,57,101416508#1 -101416507 -101415864#0 -71324343#1 -71324343#0 -416376586 71223791#1,0.8479665876429765
124,57,101416508#1 -101416507 101415864#1 679068326#2 416375814 -71324343#0 -416376586 71223791#1,1.0258750872559246
125,52,-101749465 101749465 282689986 -352797377 -120511301 120509990 120509991 282689983#0 101418595 526439431#1 42762429 1323419247 -1323419247,3.0291684420348406
125,52,-101749465 101749465 282689986 -352797377 -120511301 101411571#0 -101411571#0 120509990 120509991 282689983#0 101418595 526439431#1 42762429 1323419247 -1323419247,3.0296484036379128
125,52,-101749465 101749465 282689986 -352797377 -120511301 120509990 120509991 282689983#0 282689983#1 71324342 416428068 -697042776#1 42762429 1323419247 -1323419247,2.9033925449229367
126,29,-282689981#1 282689981#1 -120511301 120509990 120509991 282689983#0 101418595 526439431#1 623959719 619185406 619184994 -619184994,1.8322440567299634
126,29,-282689981#1 282689981#1 -120511301 120509990 120509991 282689983#0 101418595 526439431#1 623959719 -282689984#1 282689984#1 619185406 619184994 -619184994,1.896582909621732
126,29,-282689981#1 282689981#1 -120511301 120509990 120509991 282689983#0 101418595 526439431#1 697042776#0 -697042776#1 623959719 619185406 619184994 -619184994,1.8411476181545332
127,34,-282689975#3 -282689975#2 -282689975#1 -282689975#0 -352797377 -120511301 120509990 71324347#0 71324347#1 71324347#2 71324347#3 101418583 526438862#2 101418589 -1200809291,2.819430213544778
127,34,-282689975#3 -282689975#2 -282689975#1 -282689975#0 -352797377 -120511301 101411571#0 -101411571#0 120509990 71324347#0 71324347#1 71324347#2 71324347#3 101418583 526438862#2 101418589 -1200809291,2.8199101751478497
127,34,-282689975#3 -282689975#2 -282689975#1 -282689975#0 -282689986 282689986 -352797377 -120511301 120509990 71324347#0 71324347#1 71324347#2 71324347#3 101418583 526438862#2 101418589 -1200809291,3.125132494457143
128,40,-336860317#1 -336860317#0 -101784793 336860316#1 -120511144#1 -120511144#0 -283490977#1 47374680#0 47374680#1 47374680#2 47374680#3 47374680#4 47374680#5 47374680#6 47374680#7 47374680#8 -101411571#0 120511301 352797377 -282689986 -224715833 -224715836 -101749453 -1006827381 101417074 71324343#8 71324343#9 71324343#11 659283000#7 659283000#8 659283000#9 659283000#11 1047412915 1047412911 1047412914 1047412913 -1047412913,4.649449340571362
128,40,-336860317#1 -336860317#0 102036177 -120511144#2 -120511144#1 -120511144#0 -283490977#1 47374680#0 47374680#1 47374680#2 47374680#3 47374680#4 47374680#5 47374680#6 47374680#7 47374680#8 -101411571#0 120511301 352797377 -282689986 -224715833 -224715836 -101749453 -1006827381 101417074 71324343#8 71324343#9 71324343#11 659283000#7 659283000#8 659283000#9 659283000#11 1047412915 1047412911 1047412914 1047412913 -1047412913,4.580104151091684
128,40,-336860317#1 -336860317#0 -101784793 336860316#1 -120511144#1 -120511144#0 -283490977#1 47374680#0 47374680#1 47374680#2 47374680#3 47374680#4 47374680#5 47374680#6 47374680#7 47374680#8 -101411571#0 120511301 -282689981#1 -282689981#0 -679068326#3 -679068326#2 -679068326#1 -679068326#0 -1006827381 101417074 71324343#8 71324343#9 71324343#11 659283000#7 659283000#8 659283000#9 659283000#11 1047412915 1047412911 1047412914 1047412913 -1047412913,3.8907781255050615
129,7,336863927#0 -336863927#0 -101609498#4 -101609498#3 101608828 -101607966#0 101607969#1 100468681#4 100468681#5 100468681#6 100468681#7 100468681#8 282479126 133906980 133906979 282479125#0 282479125#1 120511930 -42762428#0 -697042776#1 42762429 1323419246 184568063 76867740 1323419243 120511145 283490977#1 -173532317#3 -173532317#2 -173532317#1 -173532317#0 47374679#0 101754278#0 101754278#1 -101752975#2 -101752975#1,4.399621230781729
129,7,336863927#0 -336863927#0 -101609498#4 -101609498#3 101608828 -101607966#0 101607969#1 100468681#4 100468681#5 100468681#6 100468681#7 100468681#8 282479126 133906980 133906979 282479125#0 282479125#1 120511930 -42762428#0 -697042776#1 42762429 1323419247 -1323419247 1323419246 184568063 76867740 1323419243 120511145 283490977#1 -173532317#3 -173532317#2 -173532317#1 -173532317#0 47374679#0 101754278#0 101754278#1 -101752975#2 -101752975#1,4.634895340425586
129,7,336863927#0 -336863927#0 -101609498#4 -101609498#3 101608828 -101607966#0 101607969#1 100468681#4 100468681#5 100468681#6 100468681#7 100468681#8 282479126 133906980 133906979 282479125#0 282479125#1 120511930 -42762428#0 -697042776#1 42762429 1323419246 184568063 76867740 1323419243 120511145 283490977#1 -173532317#3 -173532317#2 -173532317#1 -173532317#0 47374679#0 47374679#1 101754282#1 101754278#1 -101752975#2 -101752975#1,4.40197304263678
130,18,1323419244 76867740 1323419243 -1323419243,0.542376950780312
130,18,1323419244 1323419245 16648700 1323419243 -1323419243,0.5091836734693878
130,18,1323419244 76867740 -16648700 16648700 1323419243 -1323419243,1.229111644657863
130,47,1323419244 76867740 -16648700 16648700 1323419243 120511145 47374680#0 47374680#1 47374680#2 47374680#3 47374680#4 47374680#5 47374680#6 47374680#7 47374680#8 -101411571#0 120509990,2.3823116575643937
130,47,1323419244 76867740 1323419243 120511145 47374680#0 47374680#1 47374680#2 47374680#3 47374680#4 47374680#5 47374680#6 47374680#7 47374680#8 -101411571#0 120509990,1.6955769636868425
130,47,1323419244 1323419245 16648700 1323419243 120511145 47374680#0 47374680#1 47374680#2 47374680#3 47374680#4 47374680#5 47374680#6 47374680#7 47374680#8 -101411571#0 120509990,1.6623836863759183
131,90,120509990 71324347#0 71324347#1 71324347#2 71324347#3 71324347#4 71324347#5 47374666 659281081#0 1323419244,1.2238360421782648
131,90,120509990 71324347#0 71324347#1 71324347#2 71324347#3 71324347#4 71324347#5 47374666 -42762427 42762427 659281081#0 1323419244,1.330558731253895
131,90,120509990 120509991 282689983#0 101418595 526439431#1 42762429 1323419246 184568063 1323419245 42762427 659281081#0 1323419244,1.7263273055802595
132,2,120511301 -120511301 120509990 120509991 282689983#0 101418595 526439431#1 42762429 1323419246 -416373452 416373452,2.114005126888768
132,2,120511301 -120511301 120509990 120509991 282689983#0 282689983#1 71324342 416428068 -697042776#1 42762429 1323419246 -416373452 416373452,1.988229229776864
132,2,120511301 -120511301 120509990 120509991 282689983#0 101418595 526439431#1 42762429 -120511142#2 120511142#2 1323419246 -100525445 100525445 -416373452 416373452,2.541456107280925
133,77,-101746516#0 101746516#0 101746504 101746508#1 101746498#2 -101746514 101749449#1 -101749458#1 -101749458#0 -47374680#0 -283490977#0 -162276533#2 100488715#0 100488715#1 100488715#2 100488715#3 100488715#4 120829754 101605951#5 -101605951#5,4.473396178449522
133,77,-101746516#0 101746516#0 101746504 101746508#1 101746498#2 120511706 -120511706 -101746514 101749449#1 -101749458#1 -101749458#0 -47374680#0 -283490977#0 -162276533#2 100488715#0 100488715#1 100488715#2 100488715#3 100488715#4 120829754 101605951#5 -101605951#5,8.178432149672544
133,77,-101746516#0 101746516#0 101746504 101746508#1 101746498#2 -101746514 101749449#1 -101415865#0 -47374680#1 -47374680#0 -283490977#0 -162276533#2 100488715#0 100488715#1 100488715#2 100488715#3 100488715#4 120829754 101605951#5 -101605951#5,5.250318365610924
134,15,101605951#0 -101605951#0 -100488715#2 -100488715#1 -100488715#0 162276533#2 120511145 47374680#0 101749458#0 101749458#1 -101749449#1 101746514 -101746498#2,2.102315929971701
134,15,101605951#0 -101605951#0 -100488715#2 -100488715#1 -100488715#0 162276533#2 120511145 47374680#0 47374680#1 101415865#0 -101749449#1 101746514 -101746498#2,2.885700529311797
134,15,101605951#0 -101605951#0 -100488715#2 -100488715#1 -100488715#0 162276533#2 120511145 47374680#0 101749458#0 101749458#1 101415865#1 -101415865#1 -101749449#1 101746514 -101746498#2,2.284068631052133
135,18,416405090 -416405090 162276533#1 162276533#2 -1323419243,1.8540316774658026
135,18,416405090 -416405090 -162276533#0 162276533#0 162276533#1 162276533#2 -1323419243,2.0825533957283415
135,18,416405090 -416405090 -162276533#0 -282689985#1 282689985#1 162276533#0 162276533#1 162276533#2 -1323419243,2.187955556592687
136,44,-101767911 101767911 101765339#5 101765339#6 173532317#1 -101415865#2 -101415865#1 101415865#1 101415865#2 173532317#2 173532317#3 -283490977#1 -283490977#0 -1323419243 -16648700 42762427 659281081#0 659281081#1 526438862#0 526438862#1 526438862#2 1200809292 868087112 526439431#0 526439431#1 687927789#0 416428068,3.378810991639276
136,44,-101767911 101767911 101765339#5 101765339#6 173532317#1 173532317#2 173532317#3 -283490977#1 -283490977#0 -1323419243 -16648700 42762427 659281081#0 659281081#1 526438862#0 526438862#1 526438862#2 1200809292 868087112 526439431#0 526439431#1 687927789#0 416428068,2.4528005874776113
136,44,-101767911 101767911 101765339#5 101765339#6 173532317#1 -101415865#2 -101415865#1 -101415865#0 47374680#2 47374680#3 47374680#4 -47374680#4 47374665#0 47374666 659281081#0 659281081#1 526438862#0 526438862#1 526438862#2 1200809292 868087112 526439431#0 526439431#1 687927789#0 416428068,3.6129528355204186
137,18,-101752970#1 101752970#1 101752970#2 -120511144#0 -283490977#1 -283490977#0 -1323419243,0.9119894466065763
137,18,-101752970#1 101752970#1 101752970#2 -101787489 101787489 -120511144#0 -283490977#1 -283490977#0 -1323419243,1.3035660772588376
137,18,-101752970#1 101752970#1 -101752978 101752978 101752970#2 -120511144#0 -283490977#1 -283490977#0 -1323419243,0.9710007257042486
138,15,-101754276#1 -416382004 101765339#6 173532317#1 -101415865#2 -101415865#1 -101749449#1 -101749449#0 101749449#0 101746514 -101746498#2,1.9595226859642343
138,15,-101754276#1 -416382004 101765339#6 173532317#1 -101415865#2 -101415865#1 -101749449#1 101746514 -101746498#2,1.5901349308621935
138,15,-101754276#1 -416382004 101765339#6 173532317#1 -101415865#2 -101415865#1 -101749458#1 101749458#1 -101749449#1 101746514 -101746498#2,1.6904229078240367
139,91,101765339#2 101765339#3 101765339#4 101765339#5 101765339#6 173532317#1 -101415865#2 -101415865#1 -101749449#1 101746514 -101746498#2 -101746498#1 -101746498#0 47374680#6 47374680#7 47374680#8 -101411571#0 120511301 352797377 -282689986 -224715833 -224715836 -101749453 -1006827381 -71223800#7 -71223800#6 -71223800#5 -71223800#4,5.024690266144319
139,91,101765339#2 -101765339#2 101754276#0 -416382004 101765339#6 173532317#1 -101415865#2 -101415865#1 -101749449#1 101746514 -101746498#2 -101746498#1 -101746498#0 47374680#6 47374680#7 47374680#8 -101411571#0 120511301 352797377 -282689986 -224715833 -224715836 -101749453 -1006827381 -71223800#7 -71223800#6 -71223800#5 -71223800#4,5.164730184199374
139,91,101765339#2 101765339#3 101765339#4 101765339#5 101765339#6 173532317#1 -101415865#2 -101415865#1 -101415865#0 47374680#2 47374680#3 47374680#4 47374680#5 47374680#6 47374680#7 47374680#8 -101411571#0 120511301 352797377 -282689986 -224715833 -224715836 -101749453 -1006827381 -71223800#7 -71223800#6 -71223800#5 -71223800#4,4.34590462661853
140,44,-416409191#1 -416409191#0 -162276631 162276528 1323419242#0 1323419242#1 162276533#0 162276533#1 162276533#2 -1323419243 -16648700 42762427 659281081#0 659281081#1 526438862#0 526438862#1 526438862#2 1200809292 868087112 526439431#0 526439431#1 687927789#0 416428068,2.7182849144243995
140,44,-416409191#1 416409191#1 416409190 416409192#8 -162276631 162276528 1323419242#0 1323419242#1 162276533#0 162276533#1 162276533#2 -1323419243 -16648700 42762427 659281081#0 659281081#1 526438862#0 526438862#1 526438862#2 1200809292 868087112 526439431#0 526439431#1 687927789#0 416428068,3.1529741392864103
140,44,-416409191#1 -416409191#0 -162276631 162276528 1323419242#0 1323419242#1 -282689985#1 282689985#1 162276533#0 162276533#1 162276533#2 -1323419243 -16648700 42762427 659281081#0 659281081#1 526438862#0 526438862#1 526438862#2 1200809292 868087112 526439431#0 526439431#1 687927789#0 416428068,2.8236870752887446
141,18,-101784793 336860316#1 -120511144#1 -120511144#0 -283490977#1 -283490977#0 -1323419243,0.8033253906314146
141,18,-101784793 336860316#1 -120511144#1 120511144#1 -336860316#1 -336860316#0 101787498 101786553#1 101786553#2 173532317#3 -283490977#1 -283490977#0 -1323419243,1.5958822405852189
141,18,-101784793 336860316#1 -336860316#1 101784793 102036177 -120511144#2 -120511144#1 -120511144#0 -283490977#1 -283490977#0 -1323419243,1.192403570499474
142,23,659281081#0 1323419244 76867740 1323419243 -162276533#2 -162276533#1 -162276533#0 -1323419242#1 -1323419242#0 -162276528 162276631 416409191#0 -416409191#0,1.9721705291454503
142,23,659281081#0 1323419244 1323419245 16648700 1323419243 -162276533#2 -162276533#1 -162276533#0 -1323419242#1 -1323419242#0 -162276528 162276631 416409191#0 -416409191#0,1.9389772518345256
142,23,659281081#0 1323419244 76867740 1323419243 -162276533#2 -162276533#1 -162276533#0 -1323419242#1 -1323419242#0 -162276528 162276631 -416409192#8 -416409190 -416409191#1 -416409191#0,2.397632492188407
143,18,-101749449#0 101749449#0 101749449#1 -101415865#0 -47374680#1 -47374680#0 -283490977#0 -1323419243,1.458522112948851
143,18,-101749449#0 101749449#0 101749449#1 -101749458#1 -101749458#0 -47374680#0 -283490977#0 -1323419243,0.6815999257874497
143,18,-101749449#0 101749449#0 101749449#1 -101415865#0 -47374680#1 -47374680#0 283490977#1 -283490977#1 -283490977#0 -1323419243,1.7260647095411237
144,18,-173532317#1 173532317#1 173532317#2 173532317#3 -283490977#1 -283490977#0 -1323419243,0.6887209023278138
144,18,-173532317#1 173532317#1 173532317#2 173532317#3 -173532317#3 -101786553#2 101786553#2 -173532317#2 -101415865#2 -101415865#1 -101415865#0 -47374680#1 -47374680#0 -283490977#0 -1323419243,3.180226503848479
144,18,-173532317#1 173532317#1 173532317#2 173532317#3 -283490977#1 283490977#1 120511144#0 -120511144#0 -173532317#3 -101786553#2 101786553#2 -173532317#2 -101415865#2 -101415865#1 -101749458#1 -101749458#0 -47374680#0 -283490977#0 -1323419243,3.1264984611555207
